"rank","drug","substance","event","peak_eb05","adj_eb05","n_methods_flagged","quarters","first_signal","latest_signal","first_approval","years_on_market","atc_class","triage","triage_reason","watch"
1,"sestamibi",,"Scan myocardial perfusion abnormal",45695.25,45695.25,3,4,"2021Q3","2022Q2",,,"Other antineoplastic agents (cont.)","","",""
2,"statrol",,"False negative investigation result",41656.92,41656.92,3,6,"2018Q2","2020Q1",,,"Other antineoplastic agents (cont.)","","",""
3,"ultra-technekow","sodium pertechnetate (99m tc)","Scan myocardial perfusion abnormal",41573.54,41573.54,3,4,"2020Q4","2021Q3",,,"","","",""
4,"bimatoprost","bimatoprost","Corneal endothelial cell loss",38509.66,38509.66,3,4,"2018Q2","2019Q1","2001-03-16",25.1,"Prostaglandin analogues","","",""
5,"radicut bag for i v infusion",,"Amyotrophic lateral sclerosis",35410.27,35410.27,4,15,"2017Q2","2021Q4",,,"Other antineoplastic agents (cont.)","","",""
6,"fedratinib","fedratinib","Vitamin B1 decreased",31307.3,31307.3,3,10,"2020Q1","2022Q2",,,"JAK inhibitors","","",""
7,"narcan","naloxone","Unintentional use for unapproved indication",29327.65,29327.65,4,13,"2018Q4","2022Q2",,,"Peripheral opioid receptor antagonists","","",""
8,"pitocin","oxytocin","Postpartum haemorrhage",29226.35,29226.35,4,7,"2017Q4","2022Q3","1982-01-01",44.3,"Oxytocin and analogues","","",""
9,"lopinavir ritonavir","lopinavir;ritonavir","Dyslipidaemia",29074.83,29074.83,4,18,"2013Q3","2022Q3",,,"","","",""
10,"bupivacaine hydrochloride anhydrous",,"Anaesthetic complication",28893.17,28893.17,3,7,"2020Q1","2021Q3",,,"Other antineoplastic agents (cont.)","","",""
11,"antihemophilic factor, porcine",,"Factor VIII inhibition",28147.96,28147.96,4,12,"2016Q2","2019Q1",,,"Other antineoplastic agents (cont.)","","",""
12,"dapsone","dapsone","Methaemoglobinaemia",28067.19,28067.19,4,14,"2018Q2","2022Q3","1982-01-01",44.3,"Other anti-acne preparations for topical use","","",""
13,"fedratinib","fedratinib","Vitamin B1 deficiency",27587.89,27587.89,3,9,"2020Q1","2022Q1",,,"JAK inhibitors","","",""
14,"voraxaze","glucarpidase","Laboratory test interference",26766.35,26766.35,4,10,"2018Q1","2022Q1",,,"Detoxifying agents for antineoplastic treatment","","",""
15,"cloruro de sodio usp",,"Pantoea agglomerans infection",26608.88,26608.88,3,5,"2020Q3","2021Q3",,,"Other antineoplastic agents (cont.)","","",""
16,"sinuva","mometasone","Nasal crusting",26488.59,26488.59,4,8,"2020Q4","2022Q3",,,"Corticosteroids, potent (group III)","","",""
17,"diluent glycerin",,"False positive investigation result",26472.97,26472.97,3,4,"2018Q2","2019Q1",,,"Other antineoplastic agents (cont.)","","",""
18,"technescan hdp","technetium tc 99m oxidronate","Bone scan abnormal",26236.93,26236.93,3,8,"2019Q4","2022Q3",,,"Technetium (99mTc) compounds, skeletal","","",""
19,"meningococcal group b vaccine","meningococcal vaccine","Meningococcal infection",24081.13,24081.13,4,12,"2018Q3","2021Q4",,,"Meningococcal vaccines","","",""
20,"curosurf","poractant alfa","Endotracheal intubation complication",22693.61,22693.61,4,6,"2021Q1","2022Q3",,,"","","",""
21,"sifrol","pramipexole","Impulse-control disorder",21765.9,21765.9,3,4,"2018Q2","2019Q1",,,"Dopamine agonists","","",""
22,"tae bulk 402","alternaria spp","Injection site dryness",21575.16,21575.16,3,3,"2018Q3","2019Q1",,,"","","",""
23,"meningococcal b recom vaccine aloh omv",,"Vaccination failure",21274.24,21274.24,4,11,"2016Q4","2020Q4",,,"Other antineoplastic agents (cont.)","","",""
24,"meningococcal b recom vaccine aloh omv",,"Meningococcal infection",20786.42,20786.42,4,12,"2016Q3","2020Q4",,,"Other antineoplastic agents (cont.)","","",""
25,"oxytocin sodium chloride - human compounded drug",,"Postpartum haemorrhage",20344.19,20344.19,3,1,"2024Q4","2024Q4",,,"Other antineoplastic agents (cont.)","","",""
26,"sb497115","eltrombopag","Clonal evolution",20218.93,20218.93,3,3,"2018Q4","2019Q4",,,"Other systemic hemostatics","","",""
27,"tenofovir disoproxil","tenofovir","Acute HIV infection",20191.54,20191.54,4,6,"2020Q1","2021Q2",,,"Nucleoside and nucleotide reverse transcriptase inhibitors","","",""
28,"ropivacaine pharmedium",,"Delayed recovery from anaesthesia",19928.04,19928.04,4,2,"2019Q4","2020Q1",,,"Other antineoplastic agents (cont.)","","",""
29,"prasugrel hydrochloride","prasugrel","Thrombotic cerebral infarction",19475.95,19475.95,3,10,"2016Q4","2019Q1","2009-07-10",16.8,"Platelet aggregation inhibitors excl. heparin","","",""
30,"givlaari","givosiran","Porphyria acute",19455.11,19455.11,4,12,"2020Q1","2024Q4",,,"Various alimentary tract and metabolism products","","",""
31,"blinded cariprazine hcl cap",,"Cataract nuclear",19185.06,19185.06,3,7,"2019Q4","2021Q2",,,"Other antineoplastic agents (cont.)","","",""
32,"anti-inhibitor coagulant complex","factor viii inhibitor bypassing fraction","Anti factor VIII antibody positive",18943.54,18943.54,4,3,"2022Q1","2022Q3",,,"Blood coagulation factors","","",""
33,"klacid polvere e solvente per soluzione per infusione",,"Injection site phlebitis",18754.83,18754.83,3,4,"2020Q1","2020Q4",,,"Other antineoplastic agents (cont.)","","",""
34,"blinded no treatment received","placebo, trial","Infective exacerbation of bronchiectasis",18467.22,18467.22,3,4,"2017Q4","2018Q3",,,"","","",""
35,"viagra","sildenafil","Erection increased",18018.56,18018.56,4,16,"2018Q2","2022Q3",,,"Drugs used in erectile dysfunction","","",""
36,"gold bond original strength powder","menthol","Mesothelioma",17903.35,17903.35,4,17,"2018Q1","2022Q3",,,"","","",""
37,"donepezil hydrochloride","donepezil","Cholinergic syndrome",17830.84,17830.84,3,4,"2020Q2","2021Q1","1996-11-25",29.4,"Anticholinesterases","","",""
38,"talc","talc","Exposure to chemical pollution",17763.69,17763.69,4,8,"2020Q2","2024Q4","1997-12-24",28.3,"","","",""
39,"sb497115","eltrombopag","Cytogenetic abnormality",17736.26,17736.26,4,3,"2018Q4","2019Q4",,,"Other systemic hemostatics","","",""
40,"propess","dinoprostone","Foetal heart rate deceleration abnormality",17637.35,17637.35,4,6,"2020Q3","2021Q4","1982-01-01",44.3,"Prostaglandins","","",""
41,"cardiogen-82","rubidium (82 rb) chloride","Radiation overdose",17606.52,17606.52,3,2,"2018Q4","2019Q1",,,"","","",""
42,"photrexa viscous","dextran;vitamin b2","Corneal epithelium defect",17343.61,17343.61,4,6,"2018Q3","2022Q1",,,"","","",""
43,"multitrace-4","chromium;copper;manganese;zinc","Incorrect product formulation administered",16969.88,16969.88,4,2,"2019Q4","2020Q1",,,"","","",""
44,"sevoflurane baxter ml liquide pour par vapeur",,"Nephrogenic diabetes insipidus",16923.19,16923.19,3,4,"2020Q2","2021Q1",,,"Other antineoplastic agents (cont.)","","",""
45,"kinevac","sincalide","Hepatobiliary scan abnormal",16788.89,16788.89,3,2,"2018Q4","2019Q1","1982-01-01",44.3,"Tests for bile duct patency","","",""
46,"yosprala","acetylsalicylic acid;omeprazole","Aspirin-exacerbated respiratory disease",16645.36,16645.36,3,2,"2018Q4","2019Q1",,,"","","",""
47,"kaletra","lopinavir;ritonavir","Dyslipidaemia",16635.78,16635.78,4,6,"2019Q1","2024Q4",,,"","","",""
48,"tylenol regular strength","paracetamol","Autism spectrum disorder",16592.22,16592.22,4,77,"2003Q1","2022Q3",,,"Anilides","","",""
49,"allergenic extract- peanut arachis hypogaea","allergens, peanuts","False negative investigation result",16301.09,16301.09,4,2,"2022Q2","2022Q3",,,"","","",""
50,"belatacept","belatacept","Graft loss",16209.35,16209.35,4,4,"2018Q2","2019Q1",,,"Selective immunosuppressants","","",""
51,"fenfluramine hydrochloride","fenfluramine","Echocardiogram abnormal",16147.73,16119.08,4,4,"2017Q2","2018Q1","2020-06-25",5.8,"Centrally acting antiobesity products","","",""
52,"blinded bimatoprost ins",,"Corneal endothelial cell loss",16037.67,16037.67,3,3,"2019Q4","2020Q2",,,"Other antineoplastic agents (cont.)","","",""
53,"curosurf","poractant alfa","Neonatal pneumothorax",16032.56,16032.56,3,5,"2019Q4","2020Q4",,,"","","",""
54,"dabigatran etexilate mesylate","dabigatran","Cardiac tamponade",15925.4,15925.4,4,9,"2020Q4","2024Q4","2010-10-19",15.5,"Direct thrombin inhibitors","known_published","Anticoagulants cause bleeding including hemopericardium. Multiple published case reports (PMID:22786838, 26798391, 29259514). Well-known class risk despite being absent from the specific labeled AE list; not a novel finding.",""
55,"tenecteplase","tenecteplase","Neurological decompensation",15903.39,15903.39,4,13,"2018Q2","2022Q3",,,"Enzymes","","",""
56,"voretigene neparvovec","voretigene neparvovec","Injection site atrophy",15828.35,15828.35,4,9,"2019Q4","2021Q4",,,"Other ophthalmologicals","","",""
57,"luxturna","voretigene neparvovec","Retinal depigmentation",15811.07,15811.07,3,4,"2020Q1","2020Q4",,,"Other ophthalmologicals","","",""
58,"enasidenib","enasidenib","Differentiation syndrome",15675.7,15675.7,4,10,"2019Q4","2022Q3",,,"Isocitrate dehydrogenase (IDH) inhibitors","","",""
59,"voretigene neparvovec","voretigene neparvovec","Retinal degeneration",15659.88,15659.88,4,9,"2020Q1","2022Q1",,,"Other ophthalmologicals","","",""
60,"intralipid","unsaturated fatty acids","Neonatal infection",15596.61,15596.61,4,4,"2018Q2","2019Q1",,,"Other lipid modifying agents","","",""
61,"alprolix","factor ix","Factor IX inhibition",15575.8,15575.8,3,9,"2016Q1","2018Q3",,,"Blood coagulation factors","","",""
62,"bacteriostatic sodium chloride","sodium chloride","Suspected product contamination",15573.43,15573.43,3,4,"2019Q4","2020Q3","1982-01-01",44.3,"Sodium","","",""
63,"aplisol","tuberculin","False positive tuberculosis test",15295.6,15295.6,3,7,"2018Q2","2020Q2",,,"Tuberculosis diagnostics","","",""
64,"brineura","cerliponase alfa","CSF culture positive",15254.13,15254.13,3,3,"2018Q3","2019Q1",,,"Enzymes","","",""
65,"aducanumab","aducanumab","Amyloid related imaging abnormality-oedema/effusion",15196.55,15196.55,4,6,"2021Q2","2022Q3",,,"Other anti-dementia drugs","","",""
66,"zolmitriptan","zolmitriptan","Renal infarct",15169.07,15169.07,4,5,"2021Q2","2022Q2","1997-11-25",28.4,"Selective serotonin (5HT1) agonists","","",""
67,"esperoct","factor viii","Coagulation factor VIII level decreased",15080.62,15080.62,3,4,"2021Q3","2022Q2",,,"Blood coagulation factors","","",""
68,"prostin e2","dinoprostone","Bradycardia foetal",15077.95,15077.95,3,3,"2018Q3","2019Q1","1982-01-01",44.3,"Prostaglandins","","",""
69,"maci","chondrocytes;collagen","Graft delamination",15074.72,15074.72,3,6,"2020Q3","2021Q4",,,"","","",""
70,"simulect","basiliximab","Kidney transplant rejection",14973.99,14973.99,4,20,"2013Q4","2022Q3",,,"Interleukin inhibitors","","",""
71,"istodax","romidepsin","Peripheral T-cell lymphoma unspecified",14948.94,14948.94,4,12,"2018Q2","2021Q4","2009-11-05",16.5,"Histone deacetylase (HDAC) inhibitors","","",""
72,"myxredlin","insulin","Increased insulin requirement",14876.61,14876.61,3,2,"2022Q2","2022Q3",,,"","","",""
73,"dilantin","phenytoin","Cerebellar atrophy",14836.79,14836.79,4,29,"2009Q4","2020Q2","1982-01-01",44.3,"Hydantoin derivatives","","",""
74,"elmiron","pentosan polysulfate","Maculopathy",14836.16,14836.16,4,77,"2003Q1","2022Q3",,,"Heparins or heparinoids for topical use","","",""
75,"vancomicina hikma","vancomycin","Peritoneal effluent leukocyte count increased",14862.37,14777.48,3,2,"2019Q4","2020Q1","2021-08-26",4.7,"Antibiotics","","",""
76,"dolutegravir lamivudine tenofovir disoproxil fumarate",,"Nephropathy toxic",14571.99,14571.99,4,5,"2021Q4","2024Q4",,,"Other antineoplastic agents (cont.)","","",""
77,"abrocitinib","abrocitinib","Eczema herpeticum",14673.82,14550.51,4,4,"2020Q1","2020Q4","2022-01-14",4.3,"Agents for dermatitis, excluding corticosteroids","","",""
78,"orfadin","nitisinone","Amino acid level increased",14489.87,14489.87,4,29,"2012Q1","2019Q4","2002-01-18",24.3,"Various alimentary tract and metabolism products","","",""
79,"sevoflurane","sevoflurane","Nephrogenic diabetes insipidus",14478.91,14478.91,4,10,"2020Q2","2022Q3","1995-06-07",30.9,"Halogenated hydrocarbons","pending","Documented in anesthesia literature (several case reports) but not widely in labels. Worth deeper PubMed review before classifying.","yes"
80,"myoview","technetium tc 99m tetrofosmin","Radioisotope scan abnormal",14448.56,14448.56,4,18,"2018Q1","2024Q4",,,"Technetium (99mTc) compounds","","",""
81,"brevital sodium","methohexital","Unwanted awareness during anaesthesia",14430.42,14430.42,3,4,"2020Q1","2020Q4",,,"Barbiturates, plain","","",""
82,"piasky","crovalimab","Type III immune complex mediated reaction",14211.51,14211.51,3,1,"2024Q4","2024Q4",,,"Complement inhibitors","","",""
83,"neoprofen","ibuprofen","Posthaemorrhagic hydrocephalus",14106.53,14106.53,3,9,"2018Q3","2022Q1","1982-01-01",44.3,"Other cardiac preparations","","",""
84,"aduhelm","aducanumab","Amyloid related imaging abnormality-oedema/effusion",14055.83,14055.83,4,7,"2021Q1","2022Q3",,,"Other anti-dementia drugs","","",""
85,"epinephrine lidocaine hydrochloride",,"Vasoconstriction",13956.82,13956.82,3,3,"2018Q3","2019Q1",,,"Other antineoplastic agents (cont.)","","",""
86,"col optic white prof kit in-office",,"Gingival discomfort",13941.8,13941.8,4,3,"2019Q4","2020Q2",,,"Other antineoplastic agents (cont.)","","",""
87,"triferic","iron","Thrombosis in device",13592.57,13592.57,4,4,"2021Q1","2021Q4",,,"","","",""
88,"nitrous oxide","nitrous oxide","PCO2 increased",13394.34,13394.34,3,4,"2018Q1","2018Q4",,,"Other general anesthetics","","",""
89,"tice bcg","bcg vaccine","Bladder cancer recurrent",13263.73,13263.73,4,16,"2018Q1","2022Q3",,,"Other immunostimulants","","",""
90,"zolmitriptan","zolmitriptan","Tricuspid valve disease",13181.78,13181.78,4,3,"2019Q4","2020Q2","1997-11-25",28.4,"Selective serotonin (5HT1) agonists","","",""
91,"gonal f","follitropin","Abortion missed",13172.56,13172.56,3,4,"2016Q4","2017Q3",,,"Gonadotropins","","",""
92,"g-lasta","pegfilgrastim","Colony stimulating factor therapy",13143.18,13143.18,3,7,"2018Q2","2020Q2",,,"Colony stimulating factors","","",""
93,"cervidil","dinoprostone","Uterine hyperstimulation",13078.81,13078.81,3,5,"2018Q1","2019Q1","1982-01-01",44.3,"Prostaglandins","","",""
94,"heparin","heparin","Heparin-induced thrombocytopenia",13075.98,13075.98,4,18,"2017Q4","2022Q3",,,"Heparin group","","",""
95,"afstyla antihemophilic factor single chain",,"Inhibiting antibodies positive",12891.38,12891.38,3,4,"2016Q4","2017Q3",,,"Other antineoplastic agents (cont.)","","",""
96,"luxturna","voretigene neparvovec","Chorioretinal atrophy",12880.37,12880.37,4,4,"2019Q4","2020Q3",,,"Other ophthalmologicals","","",""
97,"dianeal","glucose;magnesium;sodium chloride;sodium lactate","Abdominal infection",12863.09,12863.09,4,10,"2020Q2","2022Q3",,,"","","",""
98,"cetrotide","cetrorelix","Premature ovulation",12811.52,12811.52,3,2,"2019Q4","2020Q1",,,"Anti-gonadotropin-releasing hormones","","",""
99,"androgel","testosterone","Blood testosterone decreased",12647.19,12647.19,4,18,"2014Q1","2021Q2","1982-01-01",44.3,"3-oxoandrosten (4) derivatives","","",""
100,"sensipar","cinacalcet","Renal transplant",12529.68,12529.68,4,8,"2017Q1","2019Q1",,,"Other anti-parathyroid agents","","",""
101,"elmiron","pentosan polysulfate","Retinal pigmentation",12525.7,12525.7,3,77,"2003Q1","2022Q3",,,"Heparins or heparinoids for topical use","","",""
102,"eslax","rocuronium","Recurrence of neuromuscular blockade",12502.04,12502.04,4,2,"2018Q4","2019Q1",,,"Other quaternary ammonium compounds","","",""
103,"liquid oxygen","oxygen","Respiratory fume inhalation disorder",12502.04,12502.04,4,2,"2018Q4","2019Q1",,,"Medical gases","","",""
104,"clavamox","amoxicillin;clavulanic acid","Type IV hypersensitivity reaction",12486.59,12486.59,3,2,"2019Q1","2019Q4",,,"","","",""
105,"orbactiv","oritavancin","Vancomycin infusion reaction",12429.64,12429.64,4,4,"2021Q3","2022Q2",,,"Glycopeptide antibacterials","","",""
106,"patanol","olopatadine","Alopecia areata",12347.6,12347.6,4,4,"2017Q2","2021Q4",,,"Antiallergic agents, excl. corticosteroids","","",""
107,"prasugrel hydrochloride","prasugrel","Vascular stent thrombosis",12326.45,12326.45,4,7,"2018Q4","2022Q3","2009-07-10",16.8,"Platelet aggregation inhibitors excl. heparin","","",""
108,"photrexa viscous","dextran;vitamin b2","Corneal infiltrates",12316.94,12316.94,3,7,"2019Q1","2022Q3",,,"","","",""
109,"ropinirole","ropinirole","Limbic encephalitis",12297.58,12297.58,3,4,"2019Q4","2020Q3",,,"Dopamine agonists","","",""
110,"edaravone","edaravone","Amyotrophic lateral sclerosis",12295.3,12294.35,4,3,"2022Q2","2024Q4","2017-05-05",9,"Other nervous system drugs","","",""
111,"azithromycin","azithromycin","Deafness bilateral",12289.29,12289.29,4,5,"2016Q4","2024Q4","1991-11-01",34.5,"Macrolides","known_class","Macrolide ototoxicity is labeled since 1994. Reversible or irreversible sensorineural hearing loss documented across macrolides (PMID:10778901). Systematic review in Sci Rep 2023.",""
112,"abacavir sulfate dolutegravir sodium lamivudine",,"Syphilis",12272.31,12272.31,4,7,"2017Q2","2022Q2",,,"Other antineoplastic agents (cont.)","","",""
113,"orgaran","danaparoid","Ovarian hyperstimulation syndrome",12261.81,12261.81,4,31,"2014Q2","2024Q4",,,"Heparin group","","",""
114,"ipi-145","duvelisib","Enteritis infectious",12186.46,12182.71,3,4,"2020Q3","2021Q2","2018-09-24",7.6,"Pi3K inhibitors","","",""
115,"leuplin","leuprorelin","Marasmus",12176.62,12176.62,4,5,"2020Q3","2021Q3",,,"Gonadotropin releasing hormone analogues","","",""
116,"atropine","atropine","Anticholinergic syndrome",12163.29,12163.29,4,7,"2020Q4","2022Q2","1982-01-01",44.3,"Belladonna alkaloids, tertiary amines","","",""
117,"mogamulizumab","mogamulizumab","Adult T-cell lymphoma/leukaemia recurrent",12144.71,12144.71,3,4,"2019Q4","2020Q3",,,"Other monoclonal antibodies and antibody drug conjugates","","",""
118,"valacyclovir hydrochloride","valaciclovir","Intraductal papillary mucinous neoplasm",12136.19,12136.19,4,4,"2020Q1","2020Q4","1995-06-23",30.8,"Nucleosides and nucleotides excl. reverse transcriptase inhibitors","","",""
119,"sayana press","medroxyprogesterone","Injection site indentation",12134.49,12134.49,3,4,"2018Q1","2018Q4",,,"Progestogens","","",""
120,"iluvien","fluocinolone","Glaucoma drainage device placement",12108.15,12108.15,3,5,"2018Q2","2019Q4",,,"Corticosteroids","","",""
121,"givlaari","givosiran","Blood homocysteine increased",12032.41,12032.41,3,6,"2021Q1","2024Q4",,,"Various alimentary tract and metabolism products","","",""
122,"xenical","orlistat","Steatorrhoea",11935.33,11935.33,4,4,"2017Q2","2018Q1","1999-04-23",27,"Peripherally acting antiobesity products","","",""
123,"ranibizumab","ranibizumab","Conjunctival erosion",11928.95,11928.95,3,7,"2021Q1","2022Q3",,,"Antineovascularisation agents","procedural","Intravitreal Lucentis (ranibizumab) injection site effect — procedural complication of repeated injections, not a pharmacologic signal.",""
124,"ovitrelle","chorionic gonadotrophin","Ovarian hyperstimulation syndrome",11919.4,11919.4,4,18,"2017Q1","2021Q4",,,"Gonadotropins","","",""
125,"elzonris","tagraxofusp","Capillary leak syndrome",11895.24,11895.24,4,12,"2019Q4","2022Q3",,,"Other antineoplastics","","",""
126,"dextenza","dexamethasone","Iris adhesions",11885.3,11885.3,3,1,"2024Q4","2024Q4","1982-01-01",44.3,"Corticosteroids for local oral treatment","","",""
127,"abacavirsulphate dolutegravir lamivudine",,"Psychiatric decompensation",11868.83,11868.83,3,4,"2016Q4","2017Q3",,,"Other antineoplastic agents (cont.)","","",""
128,"drospirenone ethinyl estradiol","drospirenone;ethinylestradiol","Pregnancy on oral contraceptive",11830.19,11830.19,3,3,"2022Q1","2022Q3",,,"","","",""
129,"brineura","cerliponase alfa","Pleocytosis",11769.83,11769.83,3,3,"2018Q3","2019Q1",,,"Enzymes","","",""
130,"yasmin","drospirenone;ethinylestradiol","Abnormal withdrawal bleeding",11717.37,11717.37,4,7,"2020Q4","2022Q2",,,"","","",""
131,"sodium bicarbonate","sodium bicarbonate","Therapeutic product ineffective for unapproved indication",11695.14,11695.14,3,1,"2024Q4","2024Q4","1986-06-03",39.9,"Salt solutions","","",""
132,"spevigo","spesolimab","Generalised pustular psoriasis",11665.24,11665.24,3,1,"2024Q4","2024Q4",,,"","","",""
133,"curosurf","poractant alfa","Pulmonary haemorrhage neonatal",11654.63,11654.63,4,7,"2019Q4","2024Q4",,,"","","",""
134,"uplizna","inebilizumab","Neuromyelitis optica spectrum disorder",11651.33,11651.33,4,7,"2021Q2","2024Q4",,,"Monoclonal antibodies","","",""
135,"upadacitinib","upadacitinib","Herpes zoster cutaneous disseminated",11652.48,11643.73,3,7,"2019Q4","2021Q4","2019-08-16",6.7,"JAK inhibitors","","",""
136,"ethinyl estradiol levonorgestrel",,"Bronchial carcinoma",11603.25,11603.25,4,4,"2018Q1","2018Q4",,,"Other antineoplastic agents (cont.)","","",""
137,"dinoprostone","dinoprostone","Uterine hyperstimulation",11595.51,11595.51,3,1,"2024Q4","2024Q4","1982-01-01",44.3,"Prostaglandins","","",""
138,"nesp","darbepoetin alfa","Aplasia pure red cell",11563.15,11563.15,4,8,"2018Q2","2020Q4",,,"Other antianemic preparations","","",""
139,"ranibizumab","ranibizumab","Conjunctival bleb",11553.29,11553.29,3,6,"2021Q2","2022Q3",,,"Antineovascularisation agents","procedural","Injection-site bleb after intravitreal ranibizumab — procedural/local.",""
140,"vijoice","alpelisib","Growth retardation",11536.45,11529.57,4,6,"2020Q3","2021Q4","2019-05-24",6.9,"Pi3K inhibitors","","",""
141,"givlaari","givosiran","Hyperhomocysteinaemia",11521.52,11521.52,3,4,"2020Q3","2021Q2",,,"Various alimentary tract and metabolism products","","",""
142,"pioglitazone","pioglitazone","Bladder transitional cell carcinoma",11465.41,11465.41,4,4,"2021Q2","2022Q1",,,"Thiazolidinediones","","",""
143,"entecavir","entecavir","Pulmonary microemboli",11456.87,11456.87,3,4,"2020Q2","2021Q1","2005-03-29",21.1,"Nucleoside and nucleotide reverse transcriptase inhibitors","","",""
144,"pirfenidone","pirfenidone","Forced vital capacity decreased",11437.81,11437.74,3,2,"2022Q2","2022Q3","2014-10-15",11.5,"Other immunosuppressants","","",""
145,"lumoxiti","moxetumomab pasudotox","Haemolytic uraemic syndrome",11395.47,11395.47,3,5,"2020Q2","2022Q1",,,"CD22 (Clusters of Differentiation 22) inhibitors","","",""
146,"aveed","testosterone","Pulmonary oil microembolism",11384.34,11384.34,3,6,"2018Q2","2021Q3","1982-01-01",44.3,"3-oxoandrosten (4) derivatives","","",""
147,"epinephrine injection usp","epinephrine","Corneal oedema",11300.04,11300.04,4,4,"2021Q2","2022Q1","1982-01-01",44.3,"Other agents for local oral treatment","","",""
148,"meningococcal group b vaccine","meningococcal vaccine","Vaccination failure",11103.26,11103.26,4,10,"2019Q1","2021Q4",,,"Meningococcal vaccines","","",""
149,"neoprofen","ibuprofen","Bronchopulmonary dysplasia",11044.24,11044.24,4,11,"2019Q4","2022Q2","1982-01-01",44.3,"Other cardiac preparations","","",""
150,"uromitexan","mesna","Oedema mucosal",11017.98,11017.98,4,4,"2020Q2","2021Q1","1988-12-30",37.3,"Mucolytics","","",""
151,"nicorette","nicotine","Nicotine dependence",11008.16,11008.16,4,8,"2019Q4","2022Q3","1996-03-22",30.1,"Drugs used in nicotine dependence","","",""
152,"juxtapid","lomitapide","Diet noncompliance",10976.72,10976.72,4,16,"2018Q2","2022Q3",,,"Other lipid modifying agents","","",""
153,"zypadhera","olanzapine","Post-injection delirium sedation syndrome",10949.92,10949.92,4,26,"2015Q4","2022Q3","1996-09-30",29.6,"Diazepines, oxazepines, thiazepines and oxepines","","",""
154,"benicar hct","hydrochlorothiazide;olmesartan","Sprue-like enteropathy",10929.3,10929.3,4,62,"2003Q1","2018Q2",,,"","","",""
155,"regranex","becaplermin","Wound complication",10919.25,10919.25,4,8,"2017Q4","2020Q2",,,"Other agents for local oral treatment","","",""
156,"posluma",,"Positron emission tomogram abnormal",10846.94,10846.94,3,1,"2024Q4","2024Q4",,,"Other antineoplastic agents (cont.)","","",""
157,"gonal f","follitropin","Ovarian hyperstimulation syndrome",10820.04,10820.04,4,22,"2017Q1","2024Q4",,,"Gonadotropins","","",""
158,"semaglutide b ml pds290",,"Bile duct stone",10797.48,10797.48,4,9,"2019Q4","2021Q4",,,"Other antineoplastic agents (cont.)","","",""
159,"kratom","mitragyna spp","Accidental death",10790.11,10790.11,4,13,"2016Q1","2019Q1",,,"","","",""
160,"jantoven","warfarin","International normalised ratio decreased",10754.65,10754.65,4,10,"2020Q3","2024Q4",,,"Vitamin K antagonists","","",""
161,"varenicline tartrate","varenicline","Dependence",10681.65,10681.65,4,4,"2021Q3","2022Q2","2006-05-10",20,"Drugs used in nicotine dependence","","",""
162,"fyremadel","ganirelix","Ovarian hyperstimulation syndrome",10673.45,10673.45,4,12,"2018Q4","2022Q1",,,"Anti-gonadotropin-releasing hormones","","",""
163,"smoflipid","glycine spp;olea spp;triglycerides, unspecified;unsaturated fatty acids","Citrobacter infection",10661.09,10661.09,3,4,"2017Q4","2018Q3",,,"","","",""
164,"abacavir sulfate dolutegravir sodium lamivudine",,"Viral mutation identified",10538.54,10538.54,4,8,"2020Q1","2022Q3",,,"Other antineoplastic agents (cont.)","","",""
165,"dayvigo","lemborexant","Sleep paralysis",10503.91,10488.9,4,10,"2020Q3","2024Q4","2020-04-07",6,"Orexin receptor antagonists","","",""
166,"emtricitabine tenofovir",,"Syphilis",10472.72,10472.72,4,8,"2017Q2","2019Q1",,,"Other antineoplastic agents (cont.)","","",""
167,"radicut","edaravone","Amyotrophic lateral sclerosis",10437.62,10436.82,4,4,"2018Q2","2019Q1","2017-05-05",9,"Other nervous system drugs","","",""
168,"dae bulk 503",,"False negative investigation result",10418.58,10418.58,3,4,"2019Q4","2020Q3",,,"Other antineoplastic agents (cont.)","","",""
169,"tenecteplase","tenecteplase","Stroke in evolution",10395.9,10395.9,4,6,"2019Q4","2022Q2",,,"Enzymes","","",""
170,"tolterodine","tolterodine","Oesophageal obstruction",10364.58,10364.58,3,4,"2021Q2","2022Q1",,,"Drugs for urinary frequency and incontinence","","",""
171,"emtricitabine tenofovir disoproxil",,"Polydactyly",10353.46,10353.46,4,5,"2021Q2","2022Q2",,,"Other antineoplastic agents (cont.)","","",""
172,"faricimab","faricimab","Retinal pigment epithelial tear",10300.86,10300.86,3,4,"2019Q4","2020Q3",,,"Antineovascularisation agents","","",""
173,"investigational biosimilars","biosimilars, unspecified","HER2 positive gastric cancer",10296.32,10296.32,4,10,"2020Q1","2022Q2",,,"","","",""
174,"propess","dinoprostone","Neonatal asphyxia",10282.26,10282.26,4,3,"2020Q4","2021Q2","1982-01-01",44.3,"Prostaglandins","","",""
175,"propess","dinoprostone","Meconium in amniotic fluid",10254.22,10254.22,3,4,"2018Q2","2019Q1","1982-01-01",44.3,"Prostaglandins","","",""
176,"actos","pioglitazone","Bladder transitional cell carcinoma",10253.84,10253.84,4,27,"2011Q1","2018Q3",,,"Thiazolidinediones","","",""
177,"optiray 300","ioversol","Carotid artery thrombosis",10247.16,10247.16,3,4,"2020Q1","2020Q4","1988-12-30",37.3,"Watersoluble, nephrotropic, low osmolar X-ray contrast media","","",""
178,"bss","calcium;magnesium;potassium;sodium acetate;sodium chloride;sodium citrate","Toxic anterior segment syndrome",10239.47,10239.47,4,17,"2017Q2","2024Q4",,,"","","",""
179,"baqsimi","glucagon","Hypoglycaemic unconsciousness",10217.35,10217.35,4,3,"2022Q1","2022Q3","1998-09-11",27.6,"Glycogenolytic hormones","","",""
180,"prevacid 24 hr","lansoprazole","Hypertensive nephropathy",10210.54,10210.54,4,55,"2005Q1","2020Q4","1995-05-10",31,"Proton pump inhibitors","","",""
181,"ibandronic acid","ibandronic acid","Bone abscess",10209.6,10209.6,4,4,"2021Q1","2021Q4",,,"Bisphosphonates","","",""
182,"anagrelide","anagrelide","Protein-losing gastroenteropathy",10196.09,10196.09,4,4,"2021Q1","2021Q4",,,"Other antineoplastics","","",""
183,"piperacillin tazobactam","piperacillin;tazobactam","Fungaemia",10152.1,10152.1,4,5,"2017Q3","2018Q3",,,"","","",""
184,"luxturna","voretigene neparvovec","Vitreous opacities",10145.56,10145.56,4,2,"2018Q4","2019Q1",,,"Other ophthalmologicals","","",""
185,"auryxia","iron","Blood iron increased",10115.97,10115.97,4,4,"2020Q1","2020Q4",,,"","","",""
186,"abacavir sulfate lamivudine zidovudine",,"Virologic failure",10090.88,10090.88,4,2,"2019Q1","2019Q4",,,"Other antineoplastic agents (cont.)","","",""
187,"technetium tc 99m pertechnetate",,"Radioisotope scan abnormal",10074.38,10074.38,4,4,"2021Q4","2022Q3",,,"Other antineoplastic agents (cont.)","","",""
188,"zynrelef","bupivacaine;meloxicam","Suture related complication",10070.48,10070.48,4,4,"2021Q4","2022Q3",,,"","","",""
189,"omniscan","gadodiamide","Urine analysis abnormal",10021.19,10021.19,4,2,"2018Q4","2019Q1","1993-01-08",33.3,"Paramagnetic contrast media","","",""
190,"paricalcitol","paricalcitol","Calciphylaxis",10010.07,10010.07,4,4,"2017Q2","2018Q1","1998-04-17",28,"Other anti-parathyroid agents","","",""
191,"cubicin","daptomycin","Eosinophilic pneumonia",9997.77,9997.77,4,17,"2017Q2","2022Q3","2003-09-12",22.6,"Other antibacterials","","",""
192,"yosprala","acetylsalicylic acid;omeprazole","Nasal polyps",9973.08,9973.08,4,2,"2018Q4","2019Q1",,,"","","",""
193,"oralair 100",,"Eosinophilic oesophagitis",9951.17,9951.17,4,4,"2020Q3","2021Q2",,,"Other antineoplastic agents (cont.)","","",""
194,"hepsera","adefovir","Hypophosphataemic osteomalacia",9943.91,9943.91,3,3,"2016Q2","2016Q4",,,"Nucleoside and nucleotide reverse transcriptase inhibitors","","",""
195,"xiaflex","collagenase clostridium histolyticum","Fracture of penis",9917.5,9917.5,3,25,"2016Q1","2024Q4",,,"Enzymes","","",""
196,"ranibizumab","ranibizumab","Conjunctival retraction",9915.86,9915.86,3,5,"2021Q1","2022Q1",,,"Antineovascularisation agents","","",""
197,"byfavo",,"Vascular access site occlusion",9907.78,9907.78,3,3,"2020Q4","2021Q2",,,"Other antineoplastic agents (cont.)","","",""
198,"banana boat","octinoxate;octisalate;octocrilene;oxybenzone;titanium","Burns second degree",9891.96,9891.96,4,9,"2018Q3","2022Q3",,,"","","",""
199,"propess","dinoprostone","Death neonatal",9856.7,9856.7,3,4,"2020Q1","2020Q4","1982-01-01",44.3,"Prostaglandins","","",""
200,"cisatracurium besylate","cisatracurium","Airway peak pressure increased",9851.3,9851.3,3,1,"2024Q4","2024Q4","1995-12-15",30.4,"Other quaternary ammonium compounds","","",""
201,"terazosin","terazosin","Delirium tremens",9845.34,9845.34,3,4,"2018Q1","2018Q4",,,"Alpha-adrenoreceptor antagonists","","",""
202,"obeticholic acid","obeticholic acid","Bile duct stone",9834.47,9834.17,4,4,"2019Q4","2020Q3","2016-05-27",9.9,"Bile acids and derivatives","","",""
203,"neutrogena beach defense water plus sun protection sunscreen broad spectrum spf70",,"Burns third degree",9828.87,9828.87,3,3,"2018Q3","2019Q1",,,"Other antineoplastic agents (cont.)","","",""
204,"bss","calcium;magnesium;potassium;sodium acetate;sodium chloride;sodium citrate","Aqueous fibrin",9808.72,9808.72,4,8,"2019Q4","2022Q3",,,"","","",""
205,"daklinza","daclatasvir","Hepatitis B DNA increased",9777.23,9777.23,3,4,"2015Q2","2016Q1",,,"Antivirals for treatment of HCV infections","","",""
206,"azasan","azathioprine","Cholestasis of pregnancy",9752.88,9752.88,3,4,"2018Q1","2018Q4","1982-01-01",44.3,"Other immunosuppressants","","",""
207,"next advanced antibacterial hand sanitizer","ethanol","Blood methanol",9747.72,9747.72,3,4,"2020Q3","2021Q2",,,"Other antiseptics and disinfectants","","",""
208,"zecuity","sumatriptan","Application site erythema",9747.63,9747.63,3,4,"2016Q1","2016Q4","1997-08-26",28.7,"Selective serotonin (5HT1) agonists","","",""
209,"procysbi","mercaptamine","Amino acid level increased",9743.49,9743.49,4,2,"2018Q4","2019Q1",,,"Amino acids and derivatives","","",""
210,"netspot","gallium (68ga) dotatate","Scan gallium abnormal",9730.03,9730.03,3,2,"2019Q1","2019Q4",,,"","","",""
211,"trandolapril","trandolapril","Acute cutaneous lupus erythematosus",9655.9,9655.9,3,2,"2022Q2","2022Q3","1996-04-26",30,"ACE inhibitors, plain","","",""
212,"infasurf","calfactant","Endotracheal intubation complication",9650.5,9650.5,3,2,"2019Q4","2020Q1",,,"","","",""
213,"equate cool and heat pain relieving liquid","menthol","Application site burn",9632.17,9632.17,4,3,"2019Q4","2020Q2",,,"","","",""
214,"tenofovir disoproxil","tenofovir","Oesophageal stenosis",9626.06,9626.06,4,2,"2019Q4","2020Q1",,,"Nucleoside and nucleotide reverse transcriptase inhibitors","","",""
215,"pamelor","nortriptyline","Antidepressant drug level increased",9622.73,9622.73,3,7,"2021Q1","2022Q3",,,"Non-selective monoamine reuptake inhibitors","","",""
216,"varithena","polidocanol","Peripheral vein thrombus extension",9603.88,9603.88,3,8,"2019Q4","2022Q3","2010-03-30",16.1,"Sclerosing agents for local injection","","",""
217,"abrocitinib","abrocitinib","Ophthalmic herpes simplex",9639.38,9558.37,3,2,"2021Q4","2022Q1","2022-01-14",4.3,"Agents for dermatitis, excluding corticosteroids","","",""
218,"oxaliplatine teva ml",,"Toxic neuropathy",9541.08,9541.08,3,2,"2019Q4","2020Q1",,,"Other antineoplastic agents (cont.)","","",""
219,"elmiron","pentosan polysulfate","Pigmentary maculopathy",9514.52,9514.52,3,77,"2003Q1","2022Q3",,,"Heparins or heparinoids for topical use","","",""
220,"airomir","salbutamol","Oesophageal adenocarcinoma",9500.39,9500.39,3,4,"2020Q3","2021Q2",,,"Selective beta-2-adrenoreceptor agonists","","",""
221,"naltrexone","naltrexone","Eosinophilic pustular folliculitis",9498.45,9498.45,3,4,"2021Q1","2021Q4","2006-04-13",20,"Drugs used in alcohol dependence","","",""
222,"ag-221","enasidenib, trial","Differentiation syndrome",9490.3,9490.3,4,8,"2017Q2","2020Q1",,,"","","",""
223,"kovaltry","factor viii","Anti factor VIII antibody positive",9441.13,9441.13,4,8,"2019Q1","2024Q4",,,"Blood coagulation factors","","",""
224,"fosinoprilat",,"Lacunar infarction",9412.34,9412.34,3,4,"2017Q4","2018Q3",,,"Other antineoplastic agents (cont.)","","",""
225,"oxygen","oxygen","Thermal burn",9409.29,9409.29,4,10,"2018Q2","2022Q3",,,"Medical gases","","",""
226,"alphagan","brimonidine","Corneal opacity",9395.17,9395.17,4,21,"2017Q2","2024Q4",,,"Other dermatologicals","","",""
227,"barhemsys","amisulpride","Administration site extravasation",9402.77,9390.76,3,3,"2022Q1","2022Q3","2020-02-26",6.2,"Benzamides","","",""
228,"sevoflurane","sevoflurane","Hyperthermia malignant",9385.72,9385.72,4,14,"2018Q2","2024Q4","1995-06-07",30.9,"Halogenated hydrocarbons","","",""
229,"nevanac","nepafenac","Corneal epithelium defect",9367.51,9367.51,4,4,"2018Q1","2018Q4","2005-08-19",20.7,"Antiinflammatory agents, non-steroids","","",""
230,"simulect","basiliximab","Renal tubular injury",9354.51,9354.51,4,13,"2018Q3","2022Q3",,,"Interleukin inhibitors","","",""
231,"opcon-a","naphazoline;pheniramine","Instillation site pain",9347.4,9347.4,4,3,"2022Q1","2022Q3",,,"","","",""
232,"kymriah","tisagenlecleucel","Cytokine release syndrome",9322.06,9322.06,4,26,"2015Q4","2024Q4",,,"Antineoplastic cell and gene therapy","","",""
233,"evicel","factor i;thrombin","Arthrofibrosis",9317.75,9317.75,3,4,"2019Q4","2020Q3",,,"","","",""
234,"g lasta","pegfilgrastim","Aortitis",9314.52,9314.52,4,4,"2020Q1","2020Q4",,,"Colony stimulating factors","","",""
235,"dinoprostone","dinoprostone","Premature separation of placenta",9287.48,9287.48,4,3,"2022Q1","2022Q3","1982-01-01",44.3,"Prostaglandins","","",""
236,"nevirapine","nevirapine","Speech disorder developmental",9258.74,9258.74,4,3,"2011Q1","2019Q1","1996-06-21",29.8,"Non-nucleoside reverse transcriptase inhibitors","","",""
237,"choriogonadotropin alfa","chorionic gonadotrophin","Ovarian hyperstimulation syndrome",9230.23,9230.23,4,6,"2021Q3","2024Q4",,,"Gonadotropins","","",""
238,"orfadin","nitisinone","Lenticular opacities",9215.32,9215.32,3,24,"2012Q1","2018Q4","2002-01-18",24.3,"Various alimentary tract and metabolism products","","",""
239,"hurricaine anesthetic liquid",,"Methaemoglobinaemia",9214.36,9214.36,3,1,"2019Q1","2019Q1",,,"Other antineoplastic agents (cont.)","","",""
240,"olprezide","hydrochlorothiazide;olmesartan","Hyponatraemic syndrome",9201.27,9201.27,3,3,"2021Q3","2022Q1",,,"","","",""
241,"zyprexa relprevv","olanzapine","Post-injection delirium sedation syndrome",9187.77,9187.77,4,21,"2016Q4","2024Q4","1996-09-30",29.6,"Diazepines, oxazepines, thiazepines and oxepines","","",""
242,"zonisamide","zonisamide","Choroidal effusion",9186.58,9186.58,3,4,"2018Q2","2019Q1","2000-03-27",26.1,"Other antiepileptics","","",""
243,"iluvien","fluocinolone","Medical device removal",9179.72,9179.72,4,18,"2018Q1","2024Q4",,,"Corticosteroids","","",""
244,"auryxia","iron","Transferrin saturation increased",9115.38,9115.38,3,10,"2017Q4","2021Q4",,,"","","",""
245,"dinoprostone","dinoprostone","Neonatal asphyxia",9093.12,9093.12,4,3,"2021Q2","2021Q4","1982-01-01",44.3,"Prostaglandins","","",""
246,"medroxyprogesterone","medroxyprogesterone","Pregnancy with injectable contraceptive",9064.7,9064.7,3,4,"2021Q1","2021Q4",,,"Progestogens","","",""
247,"digoxin","digoxin","Cardioactive drug level increased",9058.02,9058.02,4,11,"2018Q1","2024Q4","1982-01-01",44.3,"Digitalis glycosides","","",""
248,"calcium chloride dextrose magnesium chloride sodium chloride",,"Bloody peritoneal effluent",9037.39,9037.39,4,1,"2024Q4","2024Q4",,,"Other antineoplastic agents (cont.)","","",""
249,"nevanac","nepafenac","Corneal erosion",9008.38,9008.38,3,4,"2017Q1","2017Q4","2005-08-19",20.7,"Antiinflammatory agents, non-steroids","","",""
250,"luxturna","voretigene neparvovec","Retinal degeneration",8974.75,8974.75,4,3,"2019Q4","2020Q2",,,"Other ophthalmologicals","","",""
251,"letermovir","letermovir","Cytomegalovirus gastroenteritis",8974.78,8973.63,3,2,"2021Q2","2021Q3","2017-11-08",8.5,"Other antivirals","","",""
252,"verteporfin","verteporfin","Polypoidal choroidal vasculopathy",8971.27,8971.27,4,2,"2018Q4","2019Q1","2000-04-12",26,"Antineovascularisation agents","","",""
253,"letermovir","letermovir","Gastritis herpes",8952.65,8951.51,3,3,"2022Q1","2022Q3","2017-11-08",8.5,"Other antivirals","","",""
254,"letermovir","letermovir","Human herpesvirus 6 infection",8952.65,8951.51,3,3,"2022Q1","2022Q3","2017-11-08",8.5,"Other antivirals","","",""
255,"ebetrexat","methotrexate","Osteoporotic fracture",8929.72,8929.7,3,4,"2018Q2","2019Q1","2013-10-11",12.5,"Folic acid analogues","","",""
256,"norditropin","somatropin","Epiphysiolysis",8912.72,8912.72,3,3,"2022Q1","2022Q3",,,"Somatropin and somatropin agonists","","",""
257,"taxotere","docetaxel","Psychological trauma",8903.68,8903.68,4,67,"2003Q1","2020Q1","1996-05-14",29.9,"Taxanes","","",""
258,"alkindi sprinkle","hydrocortisone","Adrenocortical insufficiency acute",8889.9,8889.9,4,3,"2022Q2","2024Q4","1982-01-01",44.3,"Corticosteroids for local oral treatment","indication","Alkindi is hydrocortisone replacement therapy FOR primary adrenal insufficiency in pediatric patients. Reports reflect missed or inadequate dosing in the treated disease — the 'event' IS the indication.",""
259,"follistim","follitropin","Breast discharge",8855.7,8855.7,4,4,"2017Q4","2018Q3",,,"Gonadotropins","","",""
260,"jelmyto","mitomycin","Ureteric stenosis",8852.13,8852.13,3,6,"2021Q3","2024Q4","1982-01-01",44.3,"Other cytotoxic antibiotics","","",""
261,"cariprazine hcl cap",,"Cataract nuclear",8850.9,8850.9,3,2,"2019Q1","2019Q4",,,"Other antineoplastic agents (cont.)","","",""
262,"olmesartan","olmesartan","Jaundice cholestatic",8822.36,8822.36,3,4,"2014Q3","2015Q2",,,"Angiotensin II receptor blockers (ARBs), plain","","",""
263,"kengreal","cangrelor","Vascular access site haemorrhage",8779.37,8779.27,3,3,"2019Q4","2020Q2","2015-06-22",10.8,"Platelet aggregation inhibitors excl. heparin","","",""
264,"photrexa viscous","dextran;vitamin b2","Corneal scar",8771.84,8771.84,3,4,"2021Q3","2022Q2",,,"","","",""
265,"heparin sodium","heparin","Heparin-induced thrombocytopenia",8724.86,8724.86,4,12,"2019Q1","2024Q4","1982-01-01",44.3,"Heparin group","","",""
266,"eskata","hydrogen peroxide","Application site discolouration",8683.4,8682.17,4,5,"2018Q3","2020Q1","2017-12-14",8.4,"Antiinfectives and antiseptics for local oral treatment","","",""
267,"voretigene neparvovec","voretigene neparvovec","Foveal degeneration",8678.76,8678.76,3,3,"2020Q1","2020Q3",,,"Other ophthalmologicals","","",""
268,"amantadine","amantadine","Duplicate therapy error",8677.66,8677.66,4,2,"2021Q1","2021Q2",,,"Adamantane derivatives","","",""
269,"vyzulta","latanoprostene bunod","Cystoid macular oedema",8678.5,8677.41,4,3,"2019Q4","2020Q2","2017-11-02",8.5,"Prostaglandin analogues","","",""
270,"itraconazole","itraconazole","Lip squamous cell carcinoma",8664.27,8664.27,3,4,"2021Q1","2021Q4","1992-09-11",33.6,"Triazole derivatives","","",""
271,"semaglutide b ml pds290",,"Cholecystitis chronic",8659.01,8659.01,3,3,"2020Q1","2020Q3",,,"Other antineoplastic agents (cont.)","","",""
272,"puregon","follitropin beta","Ovarian hyperstimulation syndrome",8649.11,8649.11,4,13,"2017Q1","2021Q2",,,"Gonadotropins","","",""
273,"selumetinib","selumetinib","Paronychia",8644.21,8644.21,4,10,"2020Q1","2022Q2",,,"MEK inhibitors","","",""
274,"survanta","beractant","Endotracheal intubation complication",8598.04,8598.04,3,3,"2022Q1","2022Q3",,,"","","",""
275,"503",,"Autism spectrum disorder",8588.36,8588.36,4,4,"2018Q2","2019Q1",,,"Other antineoplastic agents (cont.)","","",""
276,"pantoprazol arrow powder for solution for injection",,"Lymphangitis",8544.63,8544.63,4,2,"2019Q1","2019Q4",,,"Other antineoplastic agents (cont.)","","",""
277,"iwilfin",,"Neuroblastoma",8544.18,8544.18,3,1,"2024Q4","2024Q4",,,"Other antineoplastic agents (cont.)","","",""
278,"increlex","mecasermin","Tonsillar hypertrophy",8538.47,8538.47,3,3,"2018Q1","2018Q3",,,"Somatropin and somatropin agonists","","",""
279,"nevirapine","nevirapine","Non-alcoholic steatohepatitis",8538.47,8538.47,4,4,"2018Q1","2018Q4","1996-06-21",29.8,"Non-nucleoside reverse transcriptase inhibitors","","",""
280,"chloraprep with tint","chlorhexidine;isopropanol","Application site hypersensitivity",8534.65,8534.65,4,2,"2019Q4","2020Q1",,,"","","",""
281,"warfarin sodium tablets usp","warfarin","International normalised ratio decreased",8528.62,8528.62,4,6,"2018Q2","2020Q2",,,"Vitamin K antagonists","","",""
282,"g-lasta","pegfilgrastim","Aortitis",8518.35,8518.35,4,10,"2017Q2","2020Q3",,,"Colony stimulating factors","","",""
283,"vigamox","moxifloxacin","Conjunctival oedema",8514.1,8514.1,4,4,"2018Q2","2019Q1",,,"Fluoroquinolones","","",""
284,"polymyxin b sulfate and trimethoprim","polymyxin b;trimethoprim","Instillation site irritation",8509.85,8509.85,4,3,"2022Q1","2022Q3",,,"","","",""
285,"esmeron","rocuronium","Endotracheal intubation complication",8470.27,8470.27,3,2,"2018Q4","2019Q1",,,"Other quaternary ammonium compounds","","",""
286,"eletriptan","eletriptan","Reversible cerebral vasoconstriction syndrome",8468.47,8468.47,4,4,"2021Q4","2022Q3",,,"Selective serotonin (5HT1) agonists","","",""
287,"alteplase","alteplase","Thrombolysis",8465.66,8465.66,4,7,"2018Q1","2022Q1",,,"Enzymes","","",""
288,"atomoxetine","atomoxetine","Spontaneous ejaculation",8462.54,8462.54,3,4,"2021Q4","2022Q3",,,"Centrally acting sympathomimetics","","",""
289,"hydralazine","hydralazine","Anti-neutrophil cytoplasmic antibody positive vasculitis",8451.46,8451.46,3,2,"2021Q2","2021Q3",,,"Hydrazinophthalazine derivatives","","",""
290,"mitomycin for injection usp","mitomycin","Infected skin ulcer",8448.72,8448.72,4,2,"2019Q4","2020Q1","1982-01-01",44.3,"Other cytotoxic antibiotics","","",""
291,"desloratadine","desloratadine","Burn oral cavity",8403.13,8403.13,4,4,"2021Q1","2021Q4","2001-12-21",24.3,"Other antihistamines for systemic use","","",""
292,"dextrose","glucose","Periarthritis",8376.76,8376.76,4,3,"2022Q1","2022Q3","1982-01-01",44.3,"Other irrigating solutions","","",""
293,"onfi","clobazam","Drug withdrawal convulsions",8374.15,8374.15,4,12,"2018Q1","2021Q2","2011-10-21",14.5,"Benzodiazepine derivatives","","",""
294,"oxygen","oxygen","Burns second degree",8371.55,8371.55,4,7,"2018Q3","2022Q1",,,"Medical gases","","",""
295,"armour thyroid","thyroid hormones, unspecified","Thyroid hormones increased",8365.73,8365.73,4,2,"2019Q1","2019Q4",,,"Thyroid hormones","","",""
296,"ondansetron hydrochloride","ondansetron","Glucose-6-phosphate dehydrogenase deficiency",8356.23,8356.23,3,4,"2021Q4","2022Q3","1999-01-27",27.2,"Serotonin (5HT3) antagonists","indication","Not causation — reports of hemolysis in G6PD-deficient patients receiving ondansetron in oncology settings. Known interaction risk rather than a novel signal.",""
297,"glimepiride","glimepiride","Cholangiocarcinoma",8338.59,8338.59,4,4,"2021Q4","2022Q3","1995-11-30",30.4,"Sulfonylureas","pending","Potentially novel — sulfonylurea + biliary malignancy association is not labeled. Needs literature search and population context.","yes"
298,"darzalex faspro","daratumumab;hyaluronidase","Administration related reaction",8338.47,8338.47,3,4,"2020Q3","2021Q2",,,"","","",""
299,"istodax","romidepsin","Angioimmunoblastic T-cell lymphoma",8328.69,8328.69,4,10,"2018Q3","2021Q2","2009-11-05",16.5,"Histone deacetylase (HDAC) inhibitors","","",""
300,"technetium tc-99m sulfur colloid",,"Radioisotope scan abnormal",8325.28,8325.28,3,3,"2018Q2","2018Q4","1982-01-01",44.3,"Other antineoplastic agents (cont.)","","",""
301,"sterile water","water","Periarthritis",8323.9,8323.9,4,3,"2022Q1","2022Q3",,,"","","",""
302,"clavamox filmtabletten",,"Type I hypersensitivity",8323.01,8323.01,4,6,"2020Q2","2021Q3",,,"Other antineoplastic agents (cont.)","","",""
303,"albenza","albendazole","Helminthic infection",8292.89,8292.89,3,3,"2018Q3","2019Q1","1996-06-11",29.9,"Benzimidazole derivatives","","",""
304,"octagam immune globulin",,"Q fever",8290.73,8290.73,4,3,"2019Q4","2020Q2",,,"Other antineoplastic agents (cont.)","","",""
305,"piroxicam","piroxicam","Cellulitis staphylococcal",8290.71,8290.71,3,4,"2019Q4","2020Q3","1982-04-06",44,"Oxicams","","",""
306,"oralair 100",,"Oral pruritus",8289.64,8289.64,4,12,"2018Q1","2022Q3",,,"Other antineoplastic agents (cont.)","","",""
307,"symdeko","ivacaftor;tezacaftor","Infective pulmonary exacerbation of cystic fibrosis",8272.84,8272.84,4,14,"2018Q1","2021Q4",,,"","","",""
308,"kxl system","device, unspecified","Corneal opacity",8269.9,8269.9,4,4,"2019Q4","2020Q3",,,"","","",""
309,"hydralazine","hydralazine","Lupus nephritis",8260.82,8260.82,3,4,"2016Q4","2017Q3",,,"Hydrazinophthalazine derivatives","","",""
310,"mimpara","cinacalcet","Blood parathyroid hormone increased",8242.78,8242.78,4,4,"2018Q1","2018Q4",,,"Other anti-parathyroid agents","","",""
311,"xylocaine","lidocaine","Corneal opacity",8216.15,8216.15,3,4,"2021Q2","2022Q1","1982-01-01",44.3,"Antiarrhythmics, class Ib","","",""
312,"orgaran","danaparoid","Uterine hyperstimulation",8194.32,8194.32,3,4,"2015Q2","2016Q1",,,"Heparin group","","",""
313,"neoprofen","ibuprofen","Meconium ileus",8194.31,8194.31,3,6,"2021Q1","2022Q2","1982-01-01",44.3,"Other cardiac preparations","","",""
314,"ultiva","remifentanil","Stereotypy",8187.33,8187.33,4,4,"2020Q3","2021Q2",,,"Opioid anesthetics","","",""
315,"ropivacaine","ropivacaine","Delayed recovery from anaesthesia",8150.93,8150.93,4,2,"2019Q4","2020Q1",,,"Amides","","",""
316,"aplisol","tuberculin","Tuberculin test false positive",8149.33,8149.33,3,4,"2017Q4","2018Q3",,,"Tuberculosis diagnostics","","",""
317,"osimertinib","osimertinib","Acquired gene mutation",8145.69,8145.69,4,19,"2016Q4","2022Q2",,,"EGFR inhibitors","","",""
318,"valganciclovir","valganciclovir","Acidosis",8143.38,8143.38,4,6,"2014Q3","2019Q1",,,"Nucleosides and nucleotides excl. reverse transcriptase inhibitors","","",""
319,"curosurf","poractant alfa","Neonatal hypoxia",8126.03,8126.03,4,11,"2018Q1","2021Q4",,,"","","",""
320,"captopril","captopril","Paraparesis",8116.31,8116.31,4,4,"2021Q2","2022Q1","1982-01-01",44.3,"ACE inhibitors, plain","","",""
321,"hydroxychloroquine","hydroxychloroquine","Herpes zoster reactivation",8103.13,8103.13,3,4,"2021Q1","2021Q4",,,"Aminoquinolines","","",""
322,"dutasteride","dutasteride","Libido disorder",8102.01,8102.01,4,4,"2021Q4","2022Q3","2001-11-20",24.4,"Testosterone-5-alpha reductase inhibitors","","",""
323,"juluca","dolutegravir;rilpivirine","Hypereosinophilic syndrome",8094.44,8094.44,3,2,"2020Q4","2021Q1",,,"","","",""
324,"abacavir lamivudine","abacavir;lamivudine","Gastroschisis",8086.04,8086.04,4,2,"2019Q1","2019Q4",,,"","","",""
325,"venofer","iron","Thrombophlebitis superficial",8071.06,8071.06,4,13,"2014Q3","2021Q4",,,"","","",""
326,"ethinyl estradiol levonorgestrel",,"Meningioma",8054.89,8054.89,4,9,"2014Q1","2024Q4",,,"Other antineoplastic agents (cont.)","","",""
327,"nirsevimab","nirsevimab","Respiratory syncytial virus bronchiolitis",8054.69,8054.69,4,1,"2024Q4","2024Q4",,,"","","",""
328,"tosymra","sumatriptan","Nasal discomfort",8054.27,8054.27,4,4,"2020Q1","2020Q4","1997-08-26",28.7,"Selective serotonin (5HT1) agonists","","",""
329,"akynzeo","netupitant;palonosetron","Neutropenic colitis",8041.58,8041.58,4,2,"2018Q4","2019Q1",,,"","","",""
330,"qlaira","dienogest;estradiol","Pregnancy on oral contraceptive",8034.87,8034.87,3,2,"2018Q2","2018Q3",,,"","","",""
331,"dexycu","dexamethasone","Pupillary deformity",8026.43,8026.43,3,3,"2019Q4","2020Q3","1982-01-01",44.3,"Corticosteroids for local oral treatment","","",""
332,"phexxi","contraceptives, unspecified","Pregnancy on contraceptive",8020.35,8020.35,4,4,"2021Q4","2022Q3",,,"","","",""
333,"talc","talc","Mesothelioma",8013.78,8013.78,4,6,"2020Q2","2024Q4","1997-12-24",28.3,"","","",""
334,"valproic acid","valproic acid","Excessive masturbation",7995.21,7995.21,3,4,"2021Q4","2022Q3","1982-01-01",44.3,"Fatty acid derivatives","","",""
335,"durysta","bimatoprost","Corneal endothelial cell loss",7989.8,7989.8,3,2,"2022Q2","2022Q3","2001-03-16",25.1,"Prostaglandin analogues","","",""
336,"rhopressa","netarsudil","Instillation site pain",7970.4,7970.4,4,5,"2020Q1","2021Q1",,,"Other antiglaucoma preparations","","",""
337,"aggrastat","tirofiban","Device embolisation",7958.88,7958.88,4,4,"2018Q2","2019Q1",,,"Platelet aggregation inhibitors excl. heparin","","",""
338,"lotemax","loteprednol","Instillation site irritation",7950.84,7950.84,3,4,"2021Q1","2021Q4",,,"Corticosteroids, plain","","",""
339,"bss","calcium;magnesium;potassium;sodium acetate;sodium chloride;sodium citrate","Corneal opacity",7936.09,7936.09,4,8,"2016Q4","2022Q3",,,"","","",""
340,"xiidra","lifitegrast","Instillation site pain",7932.1,7931.83,4,13,"2017Q1","2020Q3","2016-07-11",9.8,"Other ophthalmologicals","","",""
341,"lexapro","escitalopram","Maternal drugs affecting foetus",7927.88,7927.88,4,4,"2020Q3","2021Q2",,,"Selective serotonin reuptake inhibitors","","",""
342,"itraconazole","itraconazole","Pseudoaldosteronism",7918.81,7918.81,3,4,"2020Q2","2021Q1","1992-09-11",33.6,"Triazole derivatives","","",""
343,"ivosidenib","ivosidenib","Differentiation syndrome",7919.62,7917.59,4,7,"2015Q4","2021Q4","2018-07-20",7.8,"Isocitrate dehydrogenase (IDH) inhibitors","","",""
344,"blinded ipilimumab","ipilimumab, trial","Immune-mediated hepatitis",7878.53,7878.53,3,2,"2016Q4","2017Q1",,,"","","",""
345,"dorzolamide","dorzolamide","Periorbital inflammation",7871.08,7871.08,3,2,"2018Q4","2019Q1",,,"Carbonic anhydrase inhibitors","","",""
346,"rizatriptan","rizatriptan","Granulosa cell tumour of the testis",7864.3,7864.3,3,4,"2020Q4","2021Q3",,,"Selective serotonin (5HT1) agonists","","",""
347,"bleomycin","bleomycin","Growing teratoma syndrome",7859.71,7859.71,3,3,"2022Q1","2022Q3",,,"Other cytotoxic antibiotics","","",""
348,"alcaine","proxymetacaine","Corneal oedema",7837.27,7837.27,4,6,"2017Q2","2020Q3",,,"Local anesthetics","","",""
349,"caspofungin","caspofungin","Systemic candida",7830.97,7830.97,3,2,"2019Q1","2019Q4",,,"Other antimycotics for systemic use","","",""
350,"trandolapril","trandolapril","Sinoatrial block",7823.31,7823.31,4,3,"2018Q3","2019Q1","1996-04-26",30,"ACE inhibitors, plain","","",""
351,"topotecan hydrochloride","topotecan","Leukocoria",7804.22,7804.22,3,3,"2019Q4","2020Q2","1996-05-28",29.9,"Topoisomerase 1 (TOP1) inhibitors","","",""
352,"tobradex","dexamethasone;tobramycin","Anterior chamber flare",7803.82,7803.82,3,3,"2018Q3","2019Q1",,,"","","",""
353,"somatropin","somatropin","Glioma",7781.3,7781.3,3,4,"2018Q2","2019Q1",,,"Somatropin and somatropin agonists","","",""
354,"tetracaine hydrochloride","tetracaine","Aqueous fibrin",7767.3,7767.12,4,3,"2022Q1","2022Q3","2016-02-29",10.1,"Local anesthetics","","",""
355,"melphalan","melphalan","Acute lymphocytic leukaemia",7752.97,7752.97,4,6,"2020Q3","2021Q4","1982-01-01",44.3,"Nitrogen mustard analogues","","",""
356,"nevirapine","nevirapine","Developmental delay",7739.41,7739.41,4,2,"2018Q4","2019Q1","1996-06-21",29.8,"Non-nucleoside reverse transcriptase inhibitors","","",""
357,"silodosin","silodosin","Ejaculation failure",7730.98,7730.98,4,7,"2020Q1","2022Q3","2008-10-08",17.5,"Alpha-adrenoreceptor antagonists","","",""
358,"zidovudine","zidovudine","Viral mutation identified",7715.14,7715.14,4,1,"2019Q1","2019Q1","1987-03-19",39.1,"Nucleoside and nucleotide reverse transcriptase inhibitors","","",""
359,"sabril","vigabatrin","Drug withdrawal convulsions",7702.85,7702.85,4,22,"2017Q1","2024Q4","2009-08-21",16.7,"Fatty acid derivatives","","",""
360,"tioconazole","tioconazole","Vulvovaginal swelling",7700.95,7700.95,4,19,"2017Q4","2024Q4","1983-02-18",43.2,"Imidazole and triazole derivatives","known_labeled","Monistat-1 (tioconazole) PI lists vulvar edema and vulvovaginal irritation at <1-6% incidence. Labeled local reaction of vaginal antifungal.",""
361,"bridion","sugammadex","Recurrence of neuromuscular blockade",7691.59,7691.59,4,11,"2019Q1","2022Q3",,,"Antidotes","","",""
362,"emtricitabine tenofovir disoproxil",,"Congenital hand malformation",7686.57,7686.57,3,4,"2021Q3","2022Q2",,,"Other antineoplastic agents (cont.)","","",""
363,"fosrenol","lanthanum carbonate","Blood phosphorus increased",7675.29,7675.29,4,4,"2021Q1","2021Q4","2004-10-26",21.5,"Drugs for treatment of hyperkalemia and hyperphosphatemia","","",""
364,"gefitinib","gefitinib","EGFR gene mutation",7670.26,7670.26,4,12,"2016Q2","2020Q1","2003-05-05",23,"EGFR inhibitors","","",""
365,"methotinj","methotrexate","Drug clearance decreased",7654.49,7654.47,4,2,"2018Q4","2019Q1","2013-10-11",12.5,"Folic acid analogues","","",""
366,"activella","estradiol;norethisterone","Bone density decreased",7646.87,7646.87,4,9,"2020Q3","2022Q3",,,"","","",""
367,"spinraza","nusinersen","Post lumbar puncture syndrome",7645.05,7645.05,4,21,"2017Q2","2024Q4",,,"Other drugs for disorders of the musculo-skeletal system","","",""
368,"rizatriptan","rizatriptan","Cryptorchism",7638.59,7638.59,4,4,"2020Q4","2021Q3",,,"Selective serotonin (5HT1) agonists","","",""
369,"ticagrelor","ticagrelor","Angina unstable",7637.08,7637.07,4,7,"2016Q3","2019Q1","2011-07-20",14.8,"Platelet aggregation inhibitors excl. heparin","","",""
370,"bss","calcium;magnesium;potassium;sodium acetate;sodium chloride;sodium citrate","Candida endophthalmitis",7635.78,7635.78,3,1,"2024Q4","2024Q4",,,"","","",""
371,"equmet","metformin;vildagliptin","Blister rupture",7628.4,7628.4,4,6,"2019Q4","2021Q1",,,"","","",""
372,"tisseel","aprotinin;calcium;factor i;factor xiii;thrombin","Cerebrospinal fistula",7626.38,7626.38,3,2,"2018Q4","2019Q1",,,"","","",""
373,"naglazyme","galsulfase","Cervical cord compression",7623.88,7623.88,3,16,"2008Q3","2017Q3",,,"Enzymes","","",""
374,"metotressato teva ml soluzione iniettabile",,"Drug clearance decreased",7619.25,7619.25,3,2,"2019Q4","2020Q1",,,"Other antineoplastic agents (cont.)","","",""
375,"ultratag rbc",,"Radioisotope scan abnormal",7616,7616,4,6,"2018Q1","2021Q2",,,"Other antineoplastic agents (cont.)","","",""
376,"rizatriptan","rizatriptan","Congenital acrochordon",7594.24,7594.24,4,4,"2020Q4","2021Q3",,,"Selective serotonin (5HT1) agonists","","",""
377,"ribavirin","ribavirin","Monoparesis",7574.66,7574.66,4,3,"2022Q1","2022Q3","1985-12-31",40.3,"Antivirals for treatment of HCV infections","pending","Unusual neurologic finding for ribavirin; needs PubMed review and case-series check before classifying.","yes"
378,"baqsimi","glucagon","Rhinalgia",7574.63,7574.63,4,8,"2020Q2","2022Q1","1998-09-11",27.6,"Glycogenolytic hormones","","",""
379,"sterile water for injection","water","Infusion site reaction",7569.77,7569.77,4,4,"2018Q2","2019Q1","1982-01-01",44.3,"","","",""
380,"delflex","calcium;glucose;magnesium;sodium chloride;sodium lactate","Bloody peritoneal effluent",7566.44,7566.44,4,9,"2018Q3","2024Q4",,,"","","",""
381,"sevelamer","sevelamer","Crystal deposit intestine",7564.05,7564.05,3,4,"2020Q2","2021Q1",,,"Drugs for treatment of hyperkalemia and hyperphosphatemia","","",""
382,"glactiv","sitagliptin","Seronegative arthritis",7948.96,7561.6,3,4,"2016Q4","2017Q3","2023-10-18",2.5,"Dipeptidyl peptidase 4 (DPP-4) inhibitors","","",""
383,"ibandronic acid","ibandronic acid","Bone sequestrum",7555.66,7555.66,3,3,"2022Q1","2022Q3",,,"Bisphosphonates","","",""
384,"ibandronic acid","ibandronic acid","Eye opacity",7555.66,7555.66,3,3,"2022Q1","2022Q3",,,"Bisphosphonates","","",""
385,"asclera","polidocanol","Unintentional use for unapproved indication",7549.27,7549.27,4,4,"2018Q2","2019Q1","2010-03-30",16.1,"Sclerosing agents for local injection","","",""
386,"pepcid complete","calcium;famotidine;magnesium","Erection increased",7548.85,7548.85,4,4,"2021Q1","2021Q4",,,"","","",""
387,"dinoprostone","dinoprostone","Failure to suspend medication",7543.3,7543.3,3,1,"2024Q4","2024Q4","1982-01-01",44.3,"Prostaglandins","","",""
388,"thymoglobulin","antithymocyte immunoglobulin","Haemolytic anaemia",7538.56,7538.56,3,5,"2014Q2","2015Q2",,,"Selective immunosuppressants","","",""
389,"viread","tenofovir","Skeletal injury",7534.87,7534.87,4,77,"2003Q1","2022Q3",,,"Nucleoside and nucleotide reverse transcriptase inhibitors","","",""
390,"nevirapine","nevirapine","Gene mutation",7524.42,7524.42,4,1,"2019Q4","2019Q4","1996-06-21",29.8,"Non-nucleoside reverse transcriptase inhibitors","","",""
391,"voltarol","diclofenac","Seborrhoea",7518.68,7518.66,4,4,"2016Q3","2017Q2","2013-10-18",12.5,"Other dermatologicals","","",""
392,"tamoxifen","tamoxifen","Maculopathy",7492.44,7492.44,4,4,"2022Q1","2024Q4",,,"Anti-estrogens","known_labeled","Tamoxifen retinopathy/maculopathy with crystalline deposits is classic and in the ocular-effects section of the current label. Review PMID:37482306.",""
393,"herbals mitragynine",,"Substance use",7486.4,7486.4,4,7,"2021Q2","2024Q4",,,"Other antineoplastic agents (cont.)","","",""
394,"doxycycline hyclate","doxycycline","Growth retardation",7484.42,7484.42,3,4,"2016Q2","2017Q1","1982-01-01",44.3,"Antiinfectives and antiseptics for local oral treatment","","",""
395,"cetrotide","cetrorelix","Ovarian hyperstimulation syndrome",7478.44,7478.44,4,8,"2019Q1","2021Q4",,,"Anti-gonadotropin-releasing hormones","","",""
396,"tikosyn","dofetilide","Wrong strength",7469.22,7469.22,3,2,"2022Q2","2022Q3","1999-10-01",26.6,"Antiarrhythmics, class III","","",""
397,"elagolix sodium estradiol norethindrone",,"Bone density decreased",7453.86,7453.86,4,8,"2020Q4","2022Q3",,,"Other antineoplastic agents (cont.)","","",""
398,"exparel","bupivacaine","Phrenic nerve paralysis",7444.06,7444.06,3,2,"2018Q4","2019Q1","2011-10-28",14.5,"Amides","","",""
399,"teva uk fludarabine","fludarabine","Leukoencephalopathy",7432.95,7432.95,3,3,"2020Q4","2021Q2",,,"Purine analogues","","",""
400,"isocaine",,"Tongue paralysis",7425.05,7425.05,3,1,"2019Q1","2019Q1",,,"Other antineoplastic agents (cont.)","","",""
401,"fluconazole","fluconazole","Vascular purpura",7423.56,7423.56,3,4,"2014Q3","2015Q2","1990-01-29",36.2,"Imidazole and triazole derivatives","","",""
402,"sevelamer","sevelamer","Pseudopolyp",7413.24,7413.24,4,4,"2020Q2","2021Q1",,,"Drugs for treatment of hyperkalemia and hyperphosphatemia","","",""
403,"hepsera","adefovir","Renal tubular acidosis",7405.71,7405.71,3,1,"2020Q2","2020Q2",,,"Nucleoside and nucleotide reverse transcriptase inhibitors","","",""
404,"actrapid","insulin","Diabetic hyperglycaemic coma",7400.99,7400.99,3,1,"2021Q4","2021Q4",,,"","","",""
405,"cytotec","misoprostol","Foetal exposure during delivery",7377.72,7377.72,4,56,"2006Q4","2022Q1","1988-12-27",37.3,"Prostaglandins","","",""
406,"belantamab mafodotin","belantamab mafodotin","Keratopathy",7370.45,7370.45,4,11,"2020Q1","2022Q3",,,"Other monoclonal antibodies and antibody drug conjugates","","",""
407,"emtricitabine tenofovir disoproxil",,"Teratogenicity",7363.16,7363.16,3,4,"2017Q1","2017Q4",,,"Other antineoplastic agents (cont.)","","",""
408,"clomipramine","clomipramine","Glucocorticoid deficiency",7360.78,7360.78,4,4,"2020Q1","2020Q4",,,"Non-selective monoamine reuptake inhibitors","","",""
409,"pylarify","piflufolastat f18","Radioisotope scan abnormal",7351.07,7351.07,4,5,"2021Q4","2024Q4",,,"","","",""
410,"neutrogena ultra sheer body mist sunscreen broad spectrum spf 100 plus","skin care","Burns third degree",7350.36,7350.36,4,4,"2021Q2","2022Q1",,,"","","",""
411,"tygacil","tigecycline","Blood fibrinogen decreased",7343.98,7343.98,4,10,"2019Q4","2024Q4","2005-06-15",20.9,"Tetracyclines","","",""
412,"tisseel","aprotinin;calcium;factor i;factor xiii;thrombin","Cerebrospinal fluid leakage",7314.09,7314.09,4,5,"2017Q2","2019Q1",,,"","","",""
413,"tenecteplase","tenecteplase","Haemorrhagic cerebral infarction",7281.36,7281.36,4,3,"2021Q4","2022Q2",,,"Enzymes","","",""
414,"datscan","ioflupane (123i)","False positive radioisotope investigation result",7274.94,7274.94,4,4,"2021Q4","2022Q3",,,"Iodine (123I) compounds","","",""
415,"sevelamer hydrochloride","sevelamer","Arteriovenous fistula site complication",7268.54,7268.54,4,15,"2015Q2","2018Q4","1998-10-30",27.5,"Drugs for treatment of hyperkalemia and hyperphosphatemia","","",""
416,"captopril","captopril","Macroglossia",7253.89,7253.89,4,4,"2019Q4","2020Q3","1982-01-01",44.3,"ACE inhibitors, plain","","",""
417,"xyzal","levocetirizine","Alopecia areata",7248.44,7248.44,4,5,"2017Q4","2021Q2",,,"Piperazine derivatives","","",""
418,"fondaparinux","fondaparinux","Pancreatitis haemorrhagic",7246.12,7246.12,3,4,"2021Q3","2022Q2",,,"Other antithrombotic agents","","",""
419,"beriplex p n",,"Intracardiac thrombus",7239.9,7239.9,4,7,"2017Q2","2019Q1",,,"Other antineoplastic agents (cont.)","","",""
420,"catapres","clonidine","Hypertensive emergency",7234.79,7234.79,3,2,"2018Q4","2019Q1","1984-10-10",41.5,"Imidazoline receptor agonists","","",""
421,"valacyclovir hydrochloride","valaciclovir","Hepatic cytolysis",7212.93,7212.93,4,11,"2018Q3","2024Q4","1995-06-23",30.8,"Nucleosides and nucleotides excl. reverse transcriptase inhibitors","","",""
422,"paliperidone","paliperidone","Blood prolactin increased",7209.69,7209.69,4,2,"2019Q4","2020Q1","2006-12-19",19.3,"Other antipsychotics","","",""
423,"somatuline autosolution","lanreotide","Biliary colic",7209.14,7209.14,4,4,"2020Q1","2020Q4",,,"Somatostatin and analogues","","",""
424,"tamoxifen","tamoxifen","Breast discharge",7205.66,7205.66,3,1,"2024Q4","2024Q4",,,"Anti-estrogens","","",""
425,"levonorgestrel","levonorgestrel","Type 1 diabetes mellitus",7200.16,7200.16,3,4,"2015Q1","2015Q4","1990-12-10",35.4,"Progestogens","","",""
426,"abacavir sulfate lamivudine zidovudine",,"Viral mutation identified",7197.67,7197.67,4,2,"2019Q1","2019Q4",,,"Other antineoplastic agents (cont.)","","",""
427,"sensodyne extra whitening",,"Oral mucosal exfoliation",7196.15,7196.15,3,1,"2024Q4","2024Q4",,,"Other antineoplastic agents (cont.)","","",""
428,"auvi-q","epinephrine","No device malfunction",7196.15,7196.15,3,1,"2024Q4","2024Q4","1982-01-01",44.3,"Other agents for local oral treatment","","",""
429,"muse","alprostadil","Urethral haemorrhage",7194.9,7194.9,3,3,"2021Q3","2022Q1","1982-01-01",44.3,"Prostaglandins","","",""
430,"minocycline","minocycline","Metal poisoning",7186.48,7186.48,4,4,"2020Q2","2021Q1",,,"Antiinfectives and antiseptics for local oral treatment","","",""
431,"luxturna","voretigene neparvovec","Retinal tear",7168.47,7168.47,4,2,"2018Q4","2019Q1",,,"Other ophthalmologicals","","",""
432,"monistat 3 combination pack","miconazole","Vulvovaginal injury",7157.62,7157.62,4,2,"2019Q4","2020Q1","1982-01-01",44.3,"Antiinfectives and antiseptics for local oral treatment","","",""
433,"entecavir","entecavir","Optic disc hyperaemia",7156.03,7156.03,3,4,"2017Q3","2018Q2","2005-03-29",21.1,"Nucleoside and nucleotide reverse transcriptase inhibitors","","",""
434,"entecavir","entecavir","Retinal depigmentation",7156.03,7156.03,3,4,"2017Q3","2018Q2","2005-03-29",21.1,"Nucleoside and nucleotide reverse transcriptase inhibitors","","",""
435,"naglazyme","galsulfase","Cervical spinal stenosis",7132.26,7132.26,4,16,"2009Q3","2019Q1",,,"Enzymes","","",""
436,"human normal immunoglobulin","immunoglobulins, unspecified","Grunting",7130.23,7130.23,4,3,"2019Q4","2020Q2",,,"","","",""
437,"ovidrel","chorionic gonadotrophin","Ovarian hyperstimulation syndrome",7123.77,7123.77,3,5,"2021Q3","2022Q3",,,"Gonadotropins","","",""
438,"tri-sprintec","ethinylestradiol;norgestimate","Cheilitis",7117.78,7117.78,4,3,"2019Q4","2020Q2",,,"","","",""
439,"epinephrine lidocaine hydrochloride",,"Injection site hypoaesthesia",7114.63,7114.63,4,2,"2019Q1","2019Q4",,,"Other antineoplastic agents (cont.)","","",""
440,"sirolimus","sirolimus","VIIth nerve injury",7081.59,7081.59,3,4,"2021Q2","2022Q1","1999-09-15",26.6,"mTOR inhibitors","","",""
441,"dianeal low calcium peritoneal dialysis solution with dextrose","glucose;magnesium;sodium chloride;sodium lactate","Peritoneal dialysis complication",7080.74,7080.74,4,17,"2018Q1","2022Q3",,,"","","",""
442,"yutiq","fluocinolone","Implantation complication",7075.22,7075.22,4,4,"2021Q3","2022Q3",,,"Corticosteroids","","",""
443,"iopamiron","iopamidol","Kounis syndrome",7069.95,7069.95,3,1,"2022Q3","2022Q3","1985-12-31",40.3,"Watersoluble, nephrotropic, low osmolar X-ray contrast media","","",""
444,"eletriptan","eletriptan","Spina bifida",7066.82,7066.82,4,4,"2020Q4","2021Q3",,,"Selective serotonin (5HT1) agonists","","",""
445,"gemtuzumab ozogamicin","gemtuzumab ozogamicin","Perineal cellulitis",7058.51,7058.51,3,4,"2020Q4","2021Q3",,,"Other monoclonal antibodies and antibody drug conjugates","","",""
446,"bictegravir emtricitabine tenofovir alafenamide",,"Syphilis",7057.36,7057.36,4,2,"2019Q4","2022Q3",,,"Other antineoplastic agents (cont.)","","",""
447,"vigadrone","vigabatrin","Infantile spasms",7051.92,7051.92,3,2,"2022Q1","2024Q4","2009-08-21",16.7,"Fatty acid derivatives","","",""
448,"sinuva","mometasone","Rhinalgia",7051.47,7051.47,4,2,"2020Q3","2020Q4",,,"Corticosteroids, potent (group III)","","",""
449,"neoprofen","ibuprofen","Intraventricular haemorrhage",7048.35,7048.35,4,10,"2019Q1","2022Q2","1982-01-01",44.3,"Other cardiac preparations","","",""
450,"kogenate","factor viii","Anti factor VIII antibody positive",7038.86,7038.86,3,4,"2017Q4","2018Q3",,,"Blood coagulation factors","","",""
451,"nitric oxide","nitric oxide","Newborn persistent pulmonary hypertension",7038.59,7038.59,3,1,"2024Q4","2024Q4","1999-12-23",26.3,"Other respiratory system products","","",""
452,"saizen","somatropin","Craniopharyngioma",7037.77,7037.77,3,2,"2022Q1","2022Q2",,,"Somatropin and somatropin agonists","","",""
453,"chlorhexidine gluconate","chlorhexidine","Tooth discolouration",7033.73,7033.73,4,3,"2018Q4","2024Q4","1982-01-01",44.3,"Antiinfectives and antiseptics for local oral treatment","known_labeled","Extrinsic brown tooth staining is the universally labeled side effect of chlorhexidine mouthrinse (Peridex PI) and documented in countless clinical trials.",""
454,"blinded aspirin","acetylsalicylic acid, trial","Diagnostic procedure",7027.8,7027.8,3,1,"2020Q2","2020Q2",,,"","","",""
455,"herbals mitragynine",,"Herbal toxicity",7020.74,7020.74,3,1,"2021Q1","2021Q1",,,"Other antineoplastic agents (cont.)","","",""
456,"naphcon a","naphazoline;pheniramine","Pupils unequal",7019.31,7019.31,3,1,"2021Q4","2021Q4",,,"","","",""
457,"g-lasta","pegfilgrastim","Chemotherapy",7016.34,7016.34,4,10,"2017Q4","2020Q3",,,"Colony stimulating factors","","",""
458,"nicotine polacrilex","nicotine","Nicotine dependence",7016.12,7016.12,4,25,"2006Q1","2022Q3","1996-03-22",30.1,"Drugs used in nicotine dependence","","",""
459,"gold bond original strength powder","menthol","Exposure to chemical pollution",6999.49,6999.49,4,9,"2018Q3","2021Q1",,,"","","",""
460,"abacavir sulfate and lamivudine","abacavir;lamivudine","Viral load increased",6990.55,6990.55,4,4,"2018Q2","2019Q1",,,"","","",""
461,"meningococcal group b vaccine","meningococcal vaccine","Febrile convulsion",6990.29,6990.29,4,4,"2021Q4","2022Q3",,,"Meningococcal vaccines","","",""
462,"cyclopentolate hydrochloride","cyclopentolate","Anticholinergic syndrome",6965.3,6965.3,3,2,"2021Q4","2022Q1","1982-01-01",44.3,"Anticholinergics","","",""
463,"kalydeco","ivacaftor","Infective pulmonary exacerbation of cystic fibrosis",6963.96,6963.96,4,21,"2014Q4","2022Q1","2012-01-31",14.2,"Other respiratory system products","","",""
464,"myalept","metreleptin","Hyperphagia",6956.85,6956.85,4,5,"2015Q3","2019Q1",,,"Amino acids and derivatives","","",""
465,"zulresso","brexanolone","Perinatal depression",6956.04,6951.61,4,8,"2020Q1","2021Q4","2019-06-17",6.8,"Other antidepressants","","",""
466,"piroxicam","piroxicam","Spinal cord infection",6945.8,6945.8,4,4,"2019Q4","2020Q3","1982-04-06",44,"Oxicams","","",""
467,"actos","pioglitazone","Metastatic carcinoma of the bladder",6940.77,6940.77,4,4,"2017Q4","2018Q3",,,"Thiazolidinediones","","",""
468,"terbutaline","terbutaline","Maternal drugs affecting foetus",6927.88,6927.88,3,2,"2019Q4","2020Q1",,,"Selective beta-2-adrenoreceptor agonists","","",""
469,"protopic","tacrolimus","Topical steroid withdrawal reaction",6924.22,6924.22,4,3,"2022Q1","2022Q3","1994-04-08",32,"Agents for dermatitis, excluding corticosteroids","","",""
470,"tisseel","aprotinin;calcium;factor i;factor xiii;thrombin","Post procedural stroke",6922.29,6922.29,4,3,"2018Q3","2019Q1",,,"","","",""
471,"dianeal","glucose;magnesium;sodium chloride;sodium lactate","Peritoneal cloudy effluent",6920.11,6920.11,4,9,"2020Q4","2024Q4",,,"","","",""
472,"cytotec","misoprostol","Uterine tachysystole",6917.81,6917.81,3,49,"2008Q4","2022Q3","1988-12-27",37.3,"Prostaglandins","","",""
473,"busulfan","busulfan","Mucocutaneous rash",6907.17,6907.17,3,4,"2021Q3","2022Q2","1982-01-01",44.3,"Alkyl sulfonates","","",""
474,"entecavir","entecavir","Retinal toxicity",6898.92,6898.92,4,4,"2017Q3","2018Q2","2005-03-29",21.1,"Nucleoside and nucleotide reverse transcriptase inhibitors","","",""
475,"ulipristal acetate","ulipristal","Pregnancy after post coital contraception",6896.96,6896.96,3,1,"2024Q4","2024Q4","2010-08-13",15.7,"Emergency contraceptives","","",""
476,"moxifloxacin","moxifloxacin","Circadian rhythm sleep disorder",6889.68,6889.68,3,4,"2021Q1","2021Q4",,,"Fluoroquinolones","","",""
477,"altuzan","bevacizumab","Ciliary hyperaemia",6883.93,6883.93,3,4,"2020Q3","2021Q2",,,"VEGF/VEGFR (Vascular Endothelial Growth Factor) inhibitors","","",""
478,"voltarol","diclofenac","Thermal burn",6882.85,6882.83,4,4,"2017Q1","2017Q4","2013-10-18",12.5,"Other dermatologicals","","",""
479,"alglucosidase alfa","alglucosidase alfa","Drug specific antibody absent",6882.47,6882.47,4,3,"2021Q4","2022Q2",,,"Enzymes","","",""
480,"luveris","lutropin","Ovarian hyperstimulation syndrome",6878.01,6878.01,4,10,"2019Q4","2024Q4",,,"Gonadotropins","","",""
481,"pitocin","oxytocin","Maternal exposure during delivery",6877.61,6877.61,4,2,"2019Q4","2020Q1","1982-01-01",44.3,"Oxytocin and analogues","","",""
482,"genotonorm","somatropin","Aural polyp",6849.91,6849.91,3,4,"2014Q2","2015Q1",,,"Somatropin and somatropin agonists","","",""
483,"epirubicina teva ml soluzione iniettabile o per infusione",,"Bladder irritation",6836.88,6836.88,4,3,"2019Q4","2020Q2",,,"Other antineoplastic agents (cont.)","","",""
484,"minims tropicamide ml oogdruppels oplossing",,"Toxic anterior segment syndrome",6831.61,6831.61,3,4,"2017Q4","2018Q3",,,"Other antineoplastic agents (cont.)","","",""
485,"rheumatrex","methotrexate","Lymphoproliferative disorder",6831.59,6831.58,4,6,"2018Q1","2019Q4","2013-10-11",12.5,"Folic acid analogues","","",""
486,"oralair 100",,"Oedema mouth",6830.41,6830.41,3,2,"2021Q4","2022Q1",,,"Other antineoplastic agents (cont.)","","",""
487,"bss plus","sodium chloride","Toxic anterior segment syndrome",6828.64,6828.64,4,9,"2018Q1","2022Q3","1982-01-01",44.3,"Sodium","","",""
488,"lamivudine and zidovudine","lamivudine;zidovudine","Viral mutation identified",6828.03,6828.03,4,8,"2009Q2","2018Q1",,,"","","",""
489,"talimogene laherparepvec","talimogene laherparepvec","Metastatic malignant melanoma",6821.93,6821.93,4,8,"2017Q3","2020Q1",,,"Antineoplastic cell and gene therapy","","",""
490,"simulect","basiliximab","Transplant dysfunction",6817.55,6817.55,4,9,"2018Q4","2021Q4",,,"Interleukin inhibitors","","",""
491,"auryxia","iron","Blood phosphorus increased",6805.25,6805.25,4,5,"2021Q3","2022Q3",,,"","","",""
492,"amg 510","sotorasib, trial","Non-small cell lung cancer",6803,6803,4,5,"2021Q2","2022Q2",,,"","","",""
493,"rabeprazole","rabeprazole","Hypoparathyroidism",6802.63,6802.63,3,5,"2016Q4","2024Q4",,,"Proton pump inhibitors","","",""
494,"tenofovir disoproxil fumarate","tenofovir","Fanconi syndrome acquired",6791.39,6791.39,4,3,"2022Q1","2022Q3","2001-10-26",24.5,"Nucleoside and nucleotide reverse transcriptase inhibitors","","",""
495,"lecanemab","lecanemab","Amyloid related imaging abnormality-oedema/effusion",6781.96,6781.96,4,4,"2022Q1","2024Q4",,,"Other anti-dementia drugs","","",""
496,"sayana","medroxyprogesterone","Injection site indentation",6780.28,6780.28,3,1,"2017Q4","2017Q4",,,"Progestogens","","",""
497,"emtricitabine tenofovir",,"Mycoplasma genitalium infection",6769.41,6769.41,3,2,"2019Q4","2020Q1",,,"Other antineoplastic agents (cont.)","","",""
498,"tylenol extra strength","paracetamol","Autism spectrum disorder",6765.45,6765.45,4,70,"2003Q1","2022Q3",,,"Anilides","","",""
499,"abacavir sulfate lamivudine",,"Endometrial sarcoma",6762.16,6762.16,3,4,"2020Q1","2020Q4",,,"Other antineoplastic agents (cont.)","","",""
500,"abacavir sulfate lamivudine",,"Monoclonal gammopathy",6762.16,6762.16,3,4,"2020Q1","2020Q4",,,"Other antineoplastic agents (cont.)","","",""
501,"amzeeq","minocycline","Application site discolouration",6757.54,6757.54,4,4,"2020Q4","2021Q3",,,"Antiinfectives and antiseptics for local oral treatment","","",""
502,"bss","calcium;magnesium;potassium;sodium acetate;sodium chloride;sodium citrate","Hypopyon",6735.26,6735.26,4,18,"2017Q1","2022Q3",,,"","","",""
503,"semaglutide b ml pds290",,"Cholecystitis acute",6732.16,6732.16,4,8,"2018Q4","2021Q1",,,"Other antineoplastic agents (cont.)","","",""
504,"emtricitabine tenofovir",,"Foetal exposure during delivery",6730.53,6730.53,4,3,"2022Q1","2022Q3",,,"Other antineoplastic agents (cont.)","","",""
505,"emtricitabine tenofovir",,"Single functional kidney",6730.53,6730.53,4,3,"2022Q1","2022Q3",,,"Other antineoplastic agents (cont.)","","",""
506,"ranibizumab","ranibizumab","Subretinal fluid",6720.61,6720.61,4,13,"2016Q1","2020Q3",,,"Antineovascularisation agents","","",""
507,"rhopressa","netarsudil","Conjunctival hyperaemia",6710.21,6710.21,4,16,"2018Q2","2022Q3",,,"Other antiglaucoma preparations","","",""
508,"captopril","captopril","Artery dissection",6702.26,6702.26,3,4,"2018Q1","2018Q4","1982-01-01",44.3,"ACE inhibitors, plain","","",""
509,"donepezil","donepezil","Hypomania",6699.49,6699.49,4,4,"2017Q3","2018Q2",,,"Anticholinesterases","","",""
510,"pegasys","peginterferon alfa-2a","Essential thrombocythaemia",6692.31,6692.31,4,1,"2024Q4","2024Q4",,,"Interferons","","",""
511,"nitric oxide","nitric oxide","Neonatal respiratory distress syndrome",6683.32,6683.32,3,1,"2024Q4","2024Q4","1999-12-23",26.3,"Other respiratory system products","","",""
512,"eletriptan","eletriptan","Coronary artery dissection",6659.72,6659.72,3,1,"2024Q4","2024Q4",,,"Selective serotonin (5HT1) agonists","","",""
513,"alcaine","proxymetacaine","Anterior chamber fibrin",6659.72,6659.72,3,1,"2024Q4","2024Q4",,,"Local anesthetics","","",""
514,"phentolamine","phentolamine","Punctate keratitis",6659.72,6659.72,3,1,"2024Q4","2024Q4",,,"Imidazoline derivatives","","",""
515,"tenofovir","tenofovir","Trigeminal neuralgia",6659.72,6659.72,3,1,"2024Q4","2024Q4",,,"Nucleoside and nucleotide reverse transcriptase inhibitors","","",""
516,"kengreal","cangrelor","Vascular stent thrombosis",6659.72,6659.64,3,1,"2024Q4","2024Q4","2015-06-22",10.8,"Platelet aggregation inhibitors excl. heparin","","",""
517,"prevymis","letermovir","Bacterial sepsis",6658.61,6657.76,4,2,"2018Q3","2018Q4","2017-11-08",8.5,"Other antivirals","","",""
518,"piperacillin sodium tazobactam sodium","piperacillin;tazobactam","Trichosporon infection",6635.29,6635.29,4,6,"2020Q1","2021Q2",,,"","","",""
519,"lactulose","lactulose","Gastrocardiac syndrome",6625.45,6625.45,3,4,"2017Q1","2017Q4","1982-01-01",44.3,"Osmotically acting laxatives","","",""
520,"nutrineal","amino acids, unspecified","Peritoneal cloudy effluent",6616.53,6616.53,3,2,"2022Q2","2022Q3",,,"Solutions for parenteral nutrition","","",""
521,"erythromycin","erythromycin","Chemical burns of eye",6613.62,6613.62,3,1,"2024Q4","2024Q4","1982-01-01",44.3,"Antiinfectives for treatment of acne","","",""
522,"trazodone hydrochloride","trazodone","Priapism",6611.47,6611.47,4,3,"2022Q1","2022Q3","1982-01-01",44.3,"Other antidepressants","","",""
523,"ibandronic acid","ibandronic acid","Tenosynovitis stenosans",6605.43,6605.43,3,4,"2019Q4","2020Q3",,,"Bisphosphonates","","",""
524,"lidocaine hydrochloride","lidocaine","Chemical burn",6589.93,6589.93,4,4,"2021Q4","2022Q3","1982-01-01",44.3,"Antiarrhythmics, class Ib","","",""
525,"fludeoxyglucose f-18","fludeoxyglucose (18f)","Manufacturing process control procedure issue",6585.14,6585.14,3,1,"2022Q3","2022Q3","1994-08-19",31.7,"Other diagnostic radiopharmaceuticals for tumour detection","","",""
526,"dexycu","dexamethasone","Corneal oedema",6577.7,6577.7,4,7,"2019Q4","2021Q2","1982-01-01",44.3,"Corticosteroids for local oral treatment","","",""
527,"bcg live","bcg vaccine","Disseminated Bacillus Calmette-Guerin infection",6569.78,6569.78,3,1,"2021Q1","2021Q1",,,"Other immunostimulants","","",""
528,"cisapride","cisapride","Electrocardiogram QT prolonged",6568.24,6568.24,3,66,"2003Q1","2019Q4",,,"Propulsives","","",""
529,"obeticholic acid","obeticholic acid","Cholecystitis acute",6567.98,6567.78,4,4,"2020Q3","2022Q2","2016-05-27",9.9,"Bile acids and derivatives","","",""
530,"intron a","interferon alfa-2b","Blood phosphorus decreased",6566.59,6566.59,3,4,"2014Q3","2015Q2",,,"Interferons","","",""
531,"darbepoetin alfa","darbepoetin alfa","Aplasia pure red cell",6566.01,6566.01,4,10,"2020Q3","2024Q4",,,"Other antianemic preparations","","",""
532,"levocetirizine dihydrochloride","levocetirizine","Foetal malformation",6557.47,6557.47,4,4,"2017Q3","2018Q2","2007-05-25",18.9,"Piperazine derivatives","","",""
533,"propecia","finasteride","Post 5-alpha-reductase inhibitor syndrome",6551.98,6551.98,4,22,"2007Q1","2016Q3","1992-06-19",33.8,"Other dermatologicals","","",""
534,"heparin sodium in dextrose","glucose;heparin","Heparin-induced thrombocytopenia",6551.62,6551.62,3,3,"2018Q2","2018Q4",,,"","","",""
535,"fenofibrate","fenofibrate","Chondrocalcinosis",6548.62,6548.62,3,4,"2015Q2","2016Q1","1993-12-31",32.3,"Fibrates","","",""
536,"raltegravir potassium","raltegravir","Blood HIV RNA increased",6548.14,6548.14,4,2,"2019Q1","2019Q4","2007-10-12",18.5,"Integrase inhibitors","","",""
537,"rocklatan","latanoprost;netarsudil","Conjunctival hyperaemia",6543.27,6543.27,4,10,"2019Q4","2022Q3",,,"","","",""
538,"exservan","riluzole","Amyotrophic lateral sclerosis",6542.85,6542.85,3,1,"2022Q3","2022Q3","1995-12-12",30.4,"Other nervous system drugs","","",""
539,"trazodone","trazodone","Priapism",6539.94,6539.94,4,16,"2018Q1","2024Q4",,,"Other antidepressants","","",""
540,"memantine hydrochloride","memantine","Scleral discolouration",6533.51,6533.51,4,2,"2019Q1","2019Q4","2003-10-16",22.5,"Other anti-dementia drugs","","",""
541,"zaltrap","aflibercept","Cardiac ventricular thrombosis",6532.87,6532.87,4,4,"2017Q3","2018Q2",,,"Other antineoplastics","","",""
542,"revcovi","elapegademase-lvlr","Bone marrow transplant",6531.93,6531.93,4,1,"2024Q4","2024Q4",,,"","","",""
543,"fomepizole","fomepizole","Alcohol poisoning",6530.98,6530.98,4,4,"2020Q2","2021Q1","1997-12-04",28.4,"Antidotes","","",""
544,"antihemophilic factor, porcine",,"Central venous catheterisation",6523.32,6523.32,4,3,"2016Q3","2017Q1",,,"Other antineoplastic agents (cont.)","","",""
545,"iopromide","iopromide","Contrast encephalopathy",6519.03,6519.03,3,4,"2019Q4","2022Q3","1995-05-10",31,"Watersoluble, nephrotropic, low osmolar X-ray contrast media","","",""
546,"qutenza","capsaicin","Application site pain",6513.23,6513.23,4,19,"2016Q2","2024Q4","2009-11-16",16.4,"Capsaicin and similar agents","","",""
547,"photrexa viscous","dextran;vitamin b2","Corneal opacity",6503.43,6503.43,4,4,"2019Q1","2020Q2",,,"","","",""
548,"enoxaparin","enoxaparin","Abdominal wall haematoma",6498.88,6498.88,4,11,"2019Q4","2022Q3",,,"Heparin group","","",""
549,"monistat 1 combination pack","miconazole","Vaginal erosion",6493.85,6493.85,3,3,"2020Q4","2021Q3","1982-01-01",44.3,"Antiinfectives and antiseptics for local oral treatment","","",""
550,"ranibizumab","ranibizumab","Retinal oedema",6490.38,6490.38,4,8,"2016Q4","2018Q3",,,"Antineovascularisation agents","","",""
551,"elmiron","pentosan polysulfate","Cystitis interstitial",6471.12,6471.12,4,9,"2018Q2","2024Q4",,,"Heparins or heparinoids for topical use","","",""
552,"collagenase","collagenase","Wound complication",6464.8,6464.8,4,16,"2018Q1","2022Q3",,,"Proteolytic enzymes","","",""
553,"omidria","ketorolac;phenylephrine","Corneal oedema",6458.6,6458.6,3,2,"2018Q4","2019Q1",,,"","","",""
554,"sofosbuvir velpatasvir",,"Transplant rejection",6454.76,6454.76,4,4,"2018Q2","2019Q1",,,"Other antineoplastic agents (cont.)","","",""
555,"cytotec","misoprostol","Post abortion haemorrhage",6454.12,6454.12,3,8,"2017Q4","2020Q1","1988-12-27",37.3,"Prostaglandins","","",""
556,"flecainide","flecainide","Electrocardiogram QRS complex prolonged",6447.53,6447.53,4,4,"2018Q4","2024Q4",,,"Antiarrhythmics, class Ic","mechanism","Class IC sodium-channel blockade mechanistically prolongs the QRS. This is the labeled dose-titration endpoint (reduce dose if QRS widens >25%), not an adverse signal.",""
557,"orgaran","danaparoid","Ovarian haemorrhage",6446.72,6446.72,3,1,"2022Q3","2022Q3",,,"Heparin group","","",""
558,"abacavir lamivudine","abacavir;lamivudine","Malaria",6443.72,6443.72,4,7,"2017Q2","2018Q4",,,"","","",""
559,"ranibizumab","ranibizumab","Epiretinal membrane",6435.41,6435.41,3,2,"2020Q2","2020Q3",,,"Antineovascularisation agents","","",""
560,"cabergoline","cabergoline","Cardiopulmonary failure",6432.64,6432.64,4,4,"2018Q1","2018Q4","1996-12-23",29.3,"Prolactine inhibitors","","",""
561,"ycanth","cantharidin","Application site vesicles",6684.14,6428.86,4,1,"2024Q4","2024Q4","2023-07-21",2.8,"","","",""
562,"tobradex","dexamethasone;tobramycin","Keratic precipitates",6410.87,6410.87,3,3,"2018Q3","2019Q1",,,"","","",""
563,"herbals mitragynine",,"Dependence",6407.69,6407.69,4,5,"2021Q3","2022Q3",,,"Other antineoplastic agents (cont.)","","",""
564,"moxifloxacin","moxifloxacin","Axonal neuropathy",6405.41,6405.41,3,4,"2016Q3","2017Q2",,,"Fluoroquinolones","","",""
565,"emtriva","emtricitabine","Acute HIV infection",6392.88,6392.88,3,1,"2020Q4","2020Q4","2003-07-02",22.8,"Nucleoside and nucleotide reverse transcriptase inhibitors","","",""
566,"brineura","cerliponase alfa","Gaze palsy",6391.59,6391.59,4,4,"2021Q3","2022Q2",,,"Enzymes","","",""
567,"sevoflurane","sevoflurane","Pulmonary alveolar haemorrhage",6389.9,6389.9,4,5,"2021Q2","2022Q2","1995-06-07",30.9,"Halogenated hydrocarbons","","",""
568,"primene","alanine;arginine;aspartic acid;cysteine;glutamic acid;glycine spp;histidine;isoleucine;leucine;lysine;methionine;ornithine;phenylalanine;proline;serine;taurine;threonine;tryptophan, l-;tyrosine;valine","Thrombophlebitis",6375.85,6375.85,3,2,"2022Q2","2022Q3",,,"","","",""
569,"nevirapine","nevirapine","Polydactyly",6369.7,6369.7,4,3,"2019Q4","2020Q2","1996-06-21",29.8,"Non-nucleoside reverse transcriptase inhibitors","","",""
570,"bupivacaine mylan solution for injection",,"Maternal exposure during delivery",6365.35,6365.35,3,1,"2021Q1","2021Q1",,,"Other antineoplastic agents (cont.)","","",""
571,"nayzilam","midazolam","Status epilepticus",6363.09,6359.36,4,4,"2021Q2","2022Q1","2019-05-17",6.9,"Benzodiazepine derivatives","","",""
572,"photrexa","vitamin b2","Corneal thinning",6352.64,6352.64,3,1,"2024Q4","2024Q4",,,"Other plain vitamin preparations","","",""
573,"mesalamine","mesalazine","Large intestine infection",6345.22,6345.22,4,4,"2018Q2","2019Q1","1987-12-24",38.3,"Aminosalicylic acid and similar agents","","",""
574,"dorzolamide","dorzolamide","Gingival blister",6338.21,6338.21,3,4,"2017Q4","2018Q3",,,"Carbonic anhydrase inhibitors","","",""
575,"soolantra","ivermectin","Rosacea",6333.71,6333.71,4,15,"2018Q2","2022Q3","1996-11-22",29.4,"Other dermatologicals","","",""
576,"cfz533","iscalimab","Kidney transplant rejection",6320.27,6320.27,3,2,"2019Q4","2020Q1",,,"","","",""
577,"ganirelix acetate","ganirelix","Premature ovulation",6318.34,6318.34,3,3,"2021Q2","2021Q4","1999-07-29",26.7,"Anti-gonadotropin-releasing hormones","","",""
578,"lixiana tablets","edoxaban","Embolic stroke",6308.07,6308.07,3,2,"2021Q3","2021Q4",,,"Direct factor Xa inhibitors","","",""
579,"tobi","tobramycin","Cystic fibrosis",6306.65,6306.65,3,4,"2014Q1","2019Q4","1982-01-01",44.3,"Other aminoglycosides","","",""
580,"tadalafil","tadalafil","Vascular device infection",6306.65,6306.65,3,4,"2014Q1","2014Q4","2003-11-21",22.4,"Drugs used in erectile dysfunction","","",""
581,"rizatriptan benzoate","rizatriptan","Sensory level abnormal",6302.69,6302.69,4,4,"2019Q4","2020Q3","1998-06-29",27.8,"Selective serotonin (5HT1) agonists","","",""
582,"dexmedetomidine","dexmedetomidine","Hypocapnia",6299.68,6299.68,4,4,"2020Q1","2020Q4",,,"Other hypnotics and sedatives","","",""
583,"daclizumab","daclizumab","Encephalitis autoimmune",6298.37,6298.37,3,1,"2018Q2","2018Q2",,,"Interleukin inhibitors","","",""
584,"motrin infants","ibuprofen","Oliguria",6294.51,6294.51,4,4,"2021Q2","2022Q1","1982-01-01",44.3,"Other cardiac preparations","","",""
585,"chlorhexidine gluconate","chlorhexidine","Trichoglossia",6288.24,6288.24,4,2,"2018Q2","2018Q3","1982-01-01",44.3,"Antiinfectives and antiseptics for local oral treatment","","",""
586,"atomoxetine","atomoxetine","Scrotal pain",6287.81,6287.81,4,4,"2021Q4","2022Q3",,,"Centrally acting sympathomimetics","","",""
587,"tivicay","dolutegravir","Blood HIV RNA increased",6287.09,6287.09,4,9,"2016Q2","2021Q4",,,"Integrase inhibitors","","",""
588,"clavamox - filmtabletten",,"Type I hypersensitivity",6282.86,6282.86,3,3,"2020Q1","2020Q3",,,"Other antineoplastic agents (cont.)","","",""
589,"valtrex","valaciclovir","Toxic encephalopathy",6281.79,6281.79,4,19,"2017Q3","2024Q4",,,"Nucleosides and nucleotides excl. reverse transcriptase inhibitors","","",""
590,"heparin","heparin","Coagulation time",6281.42,6281.42,3,5,"2019Q4","2020Q4",,,"Heparin group","","",""
591,"doxazosin","doxazosin","Haemorrhagic tumour necrosis",6281.35,6281.35,3,4,"2016Q2","2017Q1",,,"Alpha-adrenoreceptor antagonists","","",""
592,"doxazosin","doxazosin","Tumour rupture",6281.35,6281.35,3,4,"2016Q2","2017Q1",,,"Alpha-adrenoreceptor antagonists","","",""
593,"tozinameran","covid-19 vaccine","Immunisation",6271.62,6271.62,4,7,"2021Q1","2022Q3",,,"","","",""
594,"truseltiq","infigratinib","Hyperphosphataemia",6270.8,6270.8,4,4,"2021Q3","2022Q2",,,"Fibroblast growth factor receptor (FGFR) tyrosine kinase inhibitors","","",""
595,"ravicti","glycerol phenylbutyrate","Liver transplant",6268.54,6268.53,4,8,"2018Q2","2020Q3","2013-02-01",13.2,"Various alimentary tract and metabolism products","","",""
596,"savene","dexrazoxane","Antithrombin III decreased",6266.51,6266.51,4,2,"2018Q4","2019Q1",,,"Detoxifying agents for antineoplastic treatment","","",""
597,"periogard","chlorhexidine","Tooth discolouration",6265.36,6265.36,3,1,"2021Q4","2021Q4",,,"Antiinfectives and antiseptics for local oral treatment","","",""
598,"atomoxetine","atomoxetine","Cardiovascular insufficiency",6262.27,6262.27,4,4,"2018Q2","2019Q1",,,"Centrally acting sympathomimetics","","",""
599,"botulinum toxin type a","botulinum toxin","Conjunctival haemorrhage",6257.71,6257.71,4,4,"2017Q1","2017Q4",,,"Other muscle relaxants, peripherally acting agents","","",""
600,"orfadin","nitisinone","Succinylacetone increased",6236.89,6236.89,3,3,"2018Q1","2018Q4","2002-01-18",24.3,"Various alimentary tract and metabolism products","","",""
601,"bss plus","sodium chloride","Corneal striae",6229.73,6229.73,3,1,"2024Q4","2024Q4","1982-01-01",44.3,"Sodium","","",""
602,"ropivacaine","ropivacaine","Therapeutic product effect prolonged",6228.54,6228.54,3,2,"2019Q4","2020Q1",,,"Amides","","",""
603,"aduhelm","aducanumab","Amyloid related imaging abnormality-microhaemorrhages and haemosiderin deposits",6225.87,6225.87,4,5,"2021Q4","2024Q4",,,"Other anti-dementia drugs","","",""
604,"clobazam","clobazam","Electrocardiogram QRS complex prolonged",6213.23,6213.23,3,3,"2022Q1","2022Q3","2011-10-21",14.5,"Benzodiazepine derivatives","","",""
605,"viagra","sildenafil","Penis disorder",6212.34,6212.34,4,7,"2018Q2","2022Q2",,,"Drugs used in erectile dysfunction","","",""
606,"muse","alprostadil","Administration site pain",6211.63,6211.63,4,5,"2019Q1","2020Q3","1982-01-01",44.3,"Prostaglandins","","",""
607,"oromone comprim pellicul",,"Meningioma",6206.42,6206.42,3,2,"2019Q4","2020Q1",,,"Other antineoplastic agents (cont.)","","",""
608,"lymphoseek","technetium tc 99m tilmanocept","Radioisotope uptake increased",6197.71,6197.71,3,1,"2024Q4","2024Q4",,,"Technetium (99mTc) compounds","","",""
609,"meropenem","meropenem","Acinetobacter infection",6191.46,6191.46,3,4,"2014Q4","2015Q3","1996-06-21",29.8,"Carbapenems","","",""
610,"ultra-technekow","sodium pertechnetate (99m tc)","Radiation overdose",6174.57,6174.57,3,1,"2022Q3","2022Q3",,,"","","",""
611,"fioricet","butalbital;caffeine;paracetamol","Maternal drugs affecting foetus",6174.57,6174.57,3,1,"2022Q3","2022Q3",,,"","","",""
612,"elocon","mometasone","Topical steroid withdrawal reaction",6171.16,6171.16,4,4,"2021Q4","2022Q3",,,"Corticosteroids, potent (group III)","","",""
613,"diprivan","propofol","Sedation complication",6164.63,6164.63,4,4,"2018Q2","2019Q1","1989-10-02",36.6,"Other general anesthetics","","",""
614,"panzyga","immunoglobulins, unspecified","Febrile nonhaemolytic transfusion reaction",6163.19,6163.19,4,8,"2018Q3","2020Q4",,,"","","",""
615,"benzocaine","benzocaine","Methaemoglobinaemia",6160.78,6160.78,3,1,"2019Q1","2019Q1",,,"Local anesthetics","","",""
616,"cytotec","misoprostol","Foetal heart rate decreased",6156.13,6156.13,4,27,"2013Q1","2021Q3","1988-12-27",37.3,"Prostaglandins","","",""
617,"norethindrone","norethisterone","Neonatal respiratory distress",6156.11,6156.11,4,4,"2021Q2","2022Q1","1982-01-01",44.3,"Progestogens","","",""
618,"delflex with dextrose low magnesium low calcium",,"Peritonitis bacterial",6149.46,6149.46,4,18,"2018Q1","2024Q4",,,"Other antineoplastic agents (cont.)","","",""
619,"norco","hydrocodone;paracetamol","Postoperative ileus",6146.58,6146.58,4,4,"2018Q2","2019Q1",,,"","","",""
620,"zerbaxa","ceftolozane;tazobactam","Pneumonia pseudomonal",6132.7,6132.7,4,5,"2020Q3","2022Q3",,,"","","",""
621,"actilyse","alteplase","Haemorrhagic transformation stroke",6130.38,6130.38,4,16,"2017Q4","2022Q1",,,"Enzymes","","",""
622,"ondansetron ml solution for injection",,"Oculogyric crisis",6127.97,6127.97,4,2,"2019Q4","2020Q1",,,"Other antineoplastic agents (cont.)","","",""
623,"apomorphine hydrochloride","apomorphine","Injection site necrosis",6117.97,6117.97,3,17,"2012Q3","2016Q4","2004-04-20",22,"Drugs used in erectile dysfunction","","",""
624,"lidocaine hydrochloride","lidocaine","Morganella infection",6115.06,6115.06,4,3,"2022Q1","2022Q3","1982-01-01",44.3,"Antiarrhythmics, class Ib","","",""
625,"inrebic","fedratinib","Wernicke's encephalopathy",6111.48,6111.48,3,1,"2024Q4","2024Q4",,,"JAK inhibitors","","",""
626,"indican","lidocaine","Infantile apnoea",6107.88,6107.88,3,1,"2017Q1","2017Q1","1982-01-01",44.3,"Antiarrhythmics, class Ib","","",""
627,"nebivolol","nebivolol","Hypertensive emergency",6103.74,6103.74,4,4,"2015Q4","2016Q3",,,"Beta blocking agents, selective","","",""
628,"visudyne","verteporfin","Age-related macular degeneration",6099.47,6099.47,4,3,"2017Q3","2018Q1","2000-04-12",26,"Antineovascularisation agents","","",""
629,"miconazole 3 combination pack","miconazole","Vulvovaginal burning sensation",6098.1,6098.1,4,21,"2017Q2","2024Q4","1982-01-01",44.3,"Antiinfectives and antiseptics for local oral treatment","","",""
630,"acular","ketorolac","Ulcerative keratitis",6069.52,6069.52,4,4,"2016Q1","2016Q4",,,"Acetic acid derivatives and related substances","","",""
631,"calcium cl dextrose magnesium cl sodium bicar sodium cl sodium lact",,"Peritoneal cloudy effluent",6065.46,6065.46,4,3,"2022Q2","2024Q4",,,"Other antineoplastic agents (cont.)","","",""
632,"yosprala","acetylsalicylic acid;omeprazole","Otitis media",6064.28,6064.28,4,2,"2018Q4","2019Q1",,,"","","",""
633,"naglazyme","galsulfase","Spinal cord compression",6062.4,6062.4,4,24,"2010Q2","2024Q4",,,"Enzymes","","",""
634,"erwinaze","asparaginase","Hyperammonaemia",6057.6,6057.6,3,3,"2020Q1","2020Q3",,,"Other antineoplastics","","",""
635,"cyramza","ramucirumab","Tumour perforation",6053.59,6053.59,4,8,"2018Q2","2022Q3",,,"VEGF/VEGFR (Vascular Endothelial Growth Factor) inhibitors","","",""
636,"doxycycline","doxycycline","Myelosuppression",6047.97,6047.97,4,4,"2013Q2","2014Q1","1982-01-01",44.3,"Antiinfectives and antiseptics for local oral treatment","","",""
637,"survanta","beractant","Pulmonary haemorrhage",6041.74,6041.74,4,3,"2019Q1","2020Q1",,,"","","",""
638,"abacavir","abacavir","Intracranial haematoma",6023.22,6023.22,4,4,"2020Q1","2020Q4",,,"Nucleoside and nucleotide reverse transcriptase inhibitors","","",""
639,"prevymis","letermovir","Acute graft versus host disease in skin",6013.37,6012.6,3,2,"2019Q4","2020Q1","2017-11-08",8.5,"Other antivirals","","",""
640,"tofersen","tofersen","CSF protein increased",6197.71,6011.17,3,1,"2024Q4","2024Q4","2023-04-25",3,"Other nervous system drugs","","",""
641,"technescan mag3","technetium tc 99m mertiatide","Radioisotope scan abnormal",6007.25,6007.25,3,2,"2019Q4","2020Q1",,,"Technetium (99mTc) compounds, renal","","",""
642,"timoptic","timolol","Instillation site irritation",6005.55,6005.55,3,1,"2022Q3","2022Q3","1995-03-31",31.1,"Beta blocking agents, non-selective","","",""
643,"maci","chondrocytes;collagen","Arthroscopy",6003.44,6003.44,4,5,"2020Q3","2021Q4",,,"","","",""
644,"bridion","sugammadex","Arteriospasm coronary",5992.63,5992.63,3,4,"2015Q4","2016Q3",,,"Antidotes","","",""
645,"tolterodine","tolterodine","Cystoid macular oedema",5992.42,5992.42,4,4,"2021Q1","2021Q4",,,"Drugs for urinary frequency and incontinence","","",""
646,"berinert","c1-inhibitor","Hereditary angioedema",5992.11,5992.11,4,21,"2017Q2","2024Q4",,,"Drugs used in hereditary angioedema","","",""
647,"gentamicin sulfate","gentamicin","Vestibular disorder",5991.83,5991.83,4,2,"2018Q2","2018Q3","1982-01-01",44.3,"Other antibiotics for topical use","","",""
648,"atomoxetine","atomoxetine","Male genital atrophy",5990.32,5990.32,4,4,"2021Q4","2022Q3",,,"Centrally acting sympathomimetics","","",""
649,"tikosyn","dofetilide","Cardiac ablation",5987.15,5987.15,4,2,"2022Q2","2022Q3","1999-10-01",26.6,"Antiarrhythmics, class III","","",""
650,"busulfan","busulfan","Infusion site eschar",5986.82,5986.82,3,1,"2022Q3","2022Q3","1982-01-01",44.3,"Alkyl sulfonates","","",""
651,"adepal","ethinylestradiol;levonorgestrel","Meningioma",5986.33,5986.33,3,4,"2019Q4","2020Q3",,,"","","",""
652,"tigecycline","tigecycline","Dyssomnia",5984.49,5984.49,3,2,"2018Q4","2019Q1","2005-06-15",20.9,"Tetracyclines","","",""
653,"atomoxetine","atomoxetine","Autoscopy",5974.53,5974.53,4,4,"2019Q4","2020Q3",,,"Centrally acting sympathomimetics","","",""
654,"boniva","ibandronic acid","Acute phase reaction",5968.47,5968.47,3,6,"2020Q1","2021Q3",,,"Bisphosphonates","","",""
655,"asmanex","mometasone","Poor quality device used",5961.93,5961.93,4,28,"2014Q1","2024Q4",,,"Corticosteroids, potent (group III)","","",""
656,"zynrelef","bupivacaine;meloxicam","Post procedural drainage",5941.15,5941.15,3,1,"2022Q3","2022Q3",,,"","","",""
657,"propecia","finasteride","Spontaneous penile erection",5932.3,5932.3,4,4,"2020Q1","2020Q4","1992-06-19",33.8,"Other dermatologicals","","",""
658,"nevirapine","nevirapine","Lipodystrophy acquired",5930.55,5930.55,4,4,"2018Q2","2019Q1","1996-06-21",29.8,"Non-nucleoside reverse transcriptase inhibitors","","",""
659,"emtricitabine tenofovir",,"Renal dysplasia",5928.63,5928.63,4,3,"2022Q1","2022Q3",,,"Other antineoplastic agents (cont.)","","",""
660,"optiject 350","ioversol","Type I hypersensitivity",5921.5,5921.5,4,8,"2018Q2","2020Q3","1988-12-30",37.3,"Watersoluble, nephrotropic, low osmolar X-ray contrast media","","",""
661,"calcium chloride dextrose magnesium chloride sodium chloride sodium lactate",,"Ultrafiltration failure",5911.63,5911.63,4,5,"2021Q4","2024Q4",,,"Other antineoplastic agents (cont.)","","",""
662,"salbutamol sulphate","salbutamol","Blood count abnormal",5911.08,5911.08,4,25,"2014Q2","2021Q2",,,"Selective beta-2-adrenoreceptor agonists","","",""
663,"emtricitabine tenofovir disoproxil",,"Brachydactyly",5909.8,5909.8,4,4,"2021Q1","2021Q4",,,"Other antineoplastic agents (cont.)","","",""
664,"remifentanil","remifentanil","Anaphylactoid shock",5904.76,5904.76,4,1,"2020Q1","2020Q1",,,"Opioid anesthetics","","",""
665,"tylenol regular strength","paracetamol","Attention deficit hyperactivity disorder",5904.62,5904.62,4,65,"2003Q1","2022Q3",,,"Anilides","","",""
666,"plantago lanceolata pollen",,"False negative investigation result",5900.87,5900.87,4,2,"2022Q2","2022Q3",,,"Other antineoplastic agents (cont.)","","",""
667,"exparel","bupivacaine","Local anaesthetic systemic toxicity",5898.5,5898.49,3,2,"2022Q1","2022Q2","2011-10-28",14.5,"Amides","","",""
668,"heparin","heparin","Coagulation time shortened",5890.89,5890.89,4,8,"2019Q4","2021Q3",,,"Heparin group","","",""
669,"datscan","ioflupane (123i)","Radioisotope scan abnormal",5878.24,5878.24,4,17,"2018Q2","2024Q4",,,"Iodine (123I) compounds","","",""
670,"rabeprazole","rabeprazole","Primary hypoparathyroidism",5870.27,5870.27,4,4,"2020Q2","2021Q1",,,"Proton pump inhibitors","","",""
671,"ibandronic acid","ibandronic acid","Atypical femur fracture",5870.08,5870.08,4,8,"2013Q4","2022Q1",,,"Bisphosphonates","","",""
672,"risedronate","risedronic acid","Capillary disorder",5864.85,5864.85,3,4,"2020Q1","2020Q4",,,"Bisphosphonates","","",""
673,"estrace","estradiol","Vulvovaginal inflammation",5864.19,5864.19,4,2,"2019Q4","2020Q1","1982-01-01",44.3,"Natural and semisynthetic estrogens, plain","","",""
674,"jadenu","deferasirox","Blood iron increased",5863.56,5863.56,4,6,"2019Q4","2022Q3","2005-11-02",20.5,"Iron chelating agents","","",""
675,"elmiron","pentosan polysulfate","Dry age-related macular degeneration",5859.44,5859.44,4,77,"2003Q1","2022Q3",,,"Heparins or heparinoids for topical use","","",""
676,"chlorhexidine","chlorhexidine","Transmission of an infectious agent via product",5859.42,5859.42,3,4,"2020Q4","2021Q3",,,"Antiinfectives and antiseptics for local oral treatment","","",""
677,"entecavir","entecavir","Ligamentitis",5855.24,5855.24,3,4,"2017Q1","2017Q4","2005-03-29",21.1,"Nucleoside and nucleotide reverse transcriptase inhibitors","","",""
678,"histamine phosphate","histamine","False negative investigation result",5853.85,5853.85,3,1,"2022Q3","2022Q3","1982-01-01",44.3,"","","",""
679,"lanadelumab","lanadelumab","Hereditary angioedema",5848.76,5848.76,4,34,"2012Q2","2024Q4",,,"Drugs used in hereditary angioedema","","",""
680,"posaconazole","posaconazole","Fat tissue decreased",5843.86,5843.86,4,4,"2020Q3","2021Q2","2006-09-15",19.6,"Triazole derivatives","","",""
681,"alteplase","alteplase","Cerebral ischaemia",5836.26,5836.26,4,10,"2015Q3","2018Q1",,,"Enzymes","","",""
682,"levaquin","levofloxacin","Aortic aneurysm",5834.82,5834.82,4,53,"2004Q4","2019Q1","1996-12-20",29.3,"Fluoroquinolones","","",""
683,"sevoflurane","sevoflurane","Holoprosencephaly",5832.2,5832.2,3,4,"2019Q4","2020Q3","1995-06-07",30.9,"Halogenated hydrocarbons","","",""
684,"burosumab","burosumab","Nephrocalcinosis",5831.33,5831.33,4,4,"2021Q2","2022Q1",,,"Other drugs affecting bone structure and mineralization","","",""
685,"ameluz","aminolevulinic acid","Application site pustules",5821.87,5821.87,3,1,"2021Q1","2021Q1",,,"Sensitizers used in photodynamic/radiation therapy","","",""
686,"alaway","ketotifen","Instillation site pain",5817.05,5817.05,4,3,"2022Q1","2022Q3",,,"Other antihistamines for systemic use","","",""
687,"prazosin","prazosin","Priapism",5816.48,5816.48,4,4,"2020Q3","2021Q2",,,"Alpha-adrenoreceptor antagonists","","",""
688,"fosamax","alendronic acid","Low turnover osteopathy",5809.88,5809.88,4,36,"2003Q4","2017Q4",,,"Bisphosphonates","","",""
689,"ella","ulipristal","Pregnancy after post coital contraception",5804.56,5804.56,4,1,"2024Q4","2024Q4",,,"Emergency contraceptives","","",""
690,"edurant","rilpivirine","Syphilis",5795.64,5795.64,3,1,"2024Q4","2024Q4",,,"Non-nucleoside reverse transcriptase inhibitors","","",""
691,"leflunomide","leflunomide","Osteomyelitis chronic",5795.64,5795.64,3,1,"2024Q4","2024Q4","1998-09-10",27.6,"DHODH inhibitors","","",""
692,"kineret","anakinra","Haemophagocytic lymphohistiocytosis",5794.03,5794.03,4,17,"2014Q1","2022Q3",,,"Interleukin inhibitors","","",""
693,"signifor","pasireotide","Adrenal insufficiency",5794.03,5794.03,4,14,"2014Q1","2020Q2",,,"Somatostatin and analogues","","",""
694,"kivexa","abacavir;lamivudine","Syphilis",5786.11,5786.11,4,11,"2014Q1","2017Q2",,,"","","",""
695,"norvasc","amlodipine","Blood pressure inadequately controlled",5783.1,5783.1,4,11,"2016Q3","2021Q3",,,"Dihydropyridine derivatives","","",""
696,"xiidra","lifitegrast","Instillation site reaction",5779.19,5779,3,10,"2017Q2","2020Q1","2016-07-11",9.8,"Other ophthalmologicals","","",""
697,"iluvien","fluocinolone","Trabeculoplasty",5778.26,5778.26,3,9,"2016Q1","2019Q4",,,"Corticosteroids","","",""
698,"lumify","brimonidine","Instillation site dryness",5771.33,5771.33,3,4,"2021Q4","2022Q3",,,"Other dermatologicals","","",""
699,"ganciclovir","ganciclovir","Subretinal fluid",5767.02,5767.02,4,4,"2021Q4","2022Q3","1994-12-22",31.3,"Nucleosides and nucleotides excl. reverse transcriptase inhibitors","","",""
700,"euthyrox","levothyroxine","Hyperthyroidism",5762.01,5762.01,4,22,"2013Q2","2022Q3",,,"Thyroid hormones","","",""
701,"zynrelef","bupivacaine;meloxicam","Seroma",5754.27,5754.27,4,3,"2022Q1","2022Q3",,,"","","",""
702,"risedronate sodium","risedronic acid","Atypical fracture",5754.2,5754.2,3,2,"2014Q4","2015Q1","1998-03-27",28.1,"Bisphosphonates","","",""
703,"vemlidy","tenofovir","Hepatitis B DNA increased",5752.56,5752.56,4,8,"2019Q4","2022Q1",,,"Nucleoside and nucleotide reverse transcriptase inhibitors","","",""
704,"childrens cetirizine hydrochloride allergy","cetirizine","Accidental exposure to product by child",5744.93,5744.93,4,3,"2022Q1","2024Q4",,,"Piperazine derivatives","","",""
705,"nasacort","triamcinolone","Growth retardation",5728.84,5728.84,3,1,"2022Q1","2022Q1","1982-01-01",44.3,"Corticosteroids for local oral treatment","","",""
706,"red cross toothache","eugenol","Chemical burn",5719.81,5719.81,3,3,"2018Q3","2019Q1",,,"","","",""
707,"yaz","drospirenone;ethinylestradiol","Withdrawal bleed",5698.77,5698.77,4,4,"2019Q1","2022Q2",,,"","","",""
708,"lapine t-lymphocyte immune globulin","antithymocyte immunoglobulin","Anal injury",5694.78,5694.78,3,3,"2022Q1","2022Q3",,,"Selective immunosuppressants","","",""
709,"neoprofen","ibuprofen","Retinopathy of prematurity",5693.86,5693.86,4,7,"2019Q1","2021Q3","1982-01-01",44.3,"Other cardiac preparations","","",""
710,"captopril","captopril","Acute interstitial pneumonitis",5682.92,5682.92,4,3,"2018Q3","2019Q1","1982-01-01",44.3,"ACE inhibitors, plain","","",""
711,"dolutegravir lamivudine tenofovir disoproxil fumarate",,"Ultrasound foetal abnormal",5680.2,5680.2,3,1,"2024Q4","2024Q4",,,"Other antineoplastic agents (cont.)","","",""
712,"emtricitabine tenofovir disoproxil",,"Abortion of ectopic pregnancy",5672.97,5672.97,3,1,"2024Q4","2024Q4",,,"Other antineoplastic agents (cont.)","","",""
713,"zynrelef","bupivacaine;meloxicam","Wound drainage",5668.48,5668.48,3,2,"2022Q2","2022Q3",,,"","","",""
714,"brineura","cerliponase alfa","CSF white blood cell count increased",5652.99,5652.99,3,2,"2022Q2","2022Q3",,,"Enzymes","","",""
715,"sterile diluent","water","Vaccination failure",5651.66,5651.66,4,18,"2011Q4","2017Q3",,,"","","",""
716,"etoposide mylan","etoposide","Venoocclusive liver disease",5651.37,5651.37,3,3,"2015Q4","2016Q2","1983-11-10",42.4,"Podophyllotoxin derivatives","","",""
717,"minirin","desmopressin","Water intoxication",5649.62,5649.62,3,2,"2020Q4","2021Q1",,,"Vasopressin and analogues","","",""
718,"piperacillin sodium tazobactam sodium","piperacillin;tazobactam","Fungaemia",5647.46,5647.46,4,6,"2020Q1","2021Q2",,,"","","",""
719,"blinatumomab","blinatumomab","Acute lymphocytic leukaemia recurrent",5646.89,5646.89,4,15,"2016Q1","2022Q3",,,"Other monoclonal antibodies and antibody drug conjugates","","",""
720,"carbaglu","carglumic acid","Hyperammonaemic crisis",5645.99,5645.99,3,2,"2022Q2","2022Q3","2010-03-18",16.1,"Amino acids and derivatives","","",""
721,"anagrelide","anagrelide","Left ventricular dysfunction",5645.53,5645.53,4,3,"2022Q1","2022Q3",,,"Other antineoplastics","","",""
722,"estrogel","estradiol","Meningioma",5644.78,5644.78,4,5,"2017Q2","2019Q1","1982-01-01",44.3,"Natural and semisynthetic estrogens, plain","","",""
723,"nuwiq","factor viii","Factor VIII inhibition",5637.3,5637.3,3,2,"2018Q2","2018Q3",,,"Blood coagulation factors","","",""
724,"adstiladrin","nadofaragene firadenovec","Instillation site discharge",5635.39,5635.39,3,1,"2024Q4","2024Q4",,,"Antineoplastic cell and gene therapy","","",""
725,"rabeprazole","rabeprazole","Wernicke's encephalopathy",5624.86,5624.86,3,4,"2021Q3","2022Q2",,,"Proton pump inhibitors","","",""
726,"faricimab","faricimab","Anterior chamber inflammation",5624.7,5624.7,4,1,"2024Q4","2024Q4",,,"Antineovascularisation agents","","",""
727,"atovaquone proguanil hydrochloride",,"Malaria",5623.21,5623.21,3,3,"2015Q2","2015Q4",,,"Other antineoplastic agents (cont.)","","",""
728,"amlodipine olmesartan",,"Urinary hesitation",5619.74,5619.74,4,3,"2022Q1","2022Q3",,,"Other antineoplastic agents (cont.)","","",""
729,"cabergoline","cabergoline","Ovarian hyperstimulation syndrome",5617.87,5617.87,4,4,"2020Q3","2021Q2","1996-12-23",29.3,"Prolactine inhibitors","","",""
730,"vannair","budesonide;formoterol","Asthmatic crisis",5616.02,5616.02,4,5,"2018Q2","2020Q1",,,"","","",""
731,"ranibizumab","ranibizumab","Vitreous haemorrhage",5615.89,5615.89,4,16,"2010Q1","2022Q3",,,"Antineovascularisation agents","","",""
732,"losartan potassium and hydrochlorothiazide","hydrochlorothiazide;losartan","Pemphigus",5615.41,5615.41,4,3,"2019Q4","2020Q2",,,"","","",""
733,"gemzar","gemcitabine","Erythropenia",5615.35,5615.35,3,3,"2021Q1","2021Q3",,,"Pyrimidine analogues","","",""
734,"provenge","sipuleucel-t","Gram stain positive",5613.78,5613.78,3,5,"2018Q1","2019Q1",,,"Other immunostimulants","","",""
735,"rhofade","oxymetazoline","Application site paraesthesia",5607.52,5607.52,4,6,"2018Q4","2020Q3",,,"Other dermatologicals","","",""
736,"nilotinib","nilotinib","Intermittent claudication",5605.32,5605.32,4,4,"2013Q1","2013Q4",,,"BCR-ABL inhibitors","","",""
737,"symtuza","cobicistat;darunavir;emtricitabine;tenofovir","Viral load increased",5603.09,5603.09,4,2,"2020Q3","2020Q4",,,"","","",""
738,"trevicta","paliperidone","Psychotic symptom",5591.66,5591.66,4,2,"2020Q3","2020Q4","2006-12-19",19.3,"Other antipsychotics","","",""
739,"lamivudine","lamivudine","Umbilical cord around neck",5588.3,5588.3,4,3,"2022Q1","2022Q3","1995-11-17",30.4,"Nucleoside and nucleotide reverse transcriptase inhibitors","","",""
740,"oxybutynin chloride","oxybutynin","Anorectal malformation",5585.97,5585.97,4,3,"2022Q1","2022Q3","2003-02-26",23.2,"Drugs for urinary frequency and incontinence","pending","Congenital malformation reports — could indicate pregnancy exposure concern or reporting artifact. Needs review.","yes"
741,"oxybutynin chloride","oxybutynin","Congenital musculoskeletal disorder of spine",5585.97,5585.97,4,3,"2022Q1","2022Q3","2003-02-26",23.2,"Drugs for urinary frequency and incontinence","pending","Another congenital PT — same pregnancy-exposure question as above.","yes"
742,"tibsovo","ivosidenib","Differentiation syndrome",5574.99,5573.56,4,10,"2018Q4","2024Q4","2018-07-20",7.8,"Isocitrate dehydrogenase (IDH) inhibitors","","",""
743,"rocuronium","rocuronium","Hypocapnia",5569.15,5569.15,4,4,"2021Q1","2021Q4",,,"Other quaternary ammonium compounds","","",""
744,"blincyto","blinatumomab","Acute lymphocytic leukaemia recurrent",5567.99,5567.99,4,23,"2015Q4","2024Q4",,,"Other monoclonal antibodies and antibody drug conjugates","indication","Blincyto (blinatumomab) is indicated for relapsed or refractory B-cell precursor ALL. The 'event' IS the treated disease relapsing — disease-progression reports, not drug causation.",""
745,"meloxicam","meloxicam","Central nervous system stimulation",5567.27,5567.27,3,4,"2020Q2","2021Q1","2000-04-13",26,"Oxicams","","",""
746,"exjade","deferasirox","Serum ferritin increased",5557.58,5557.58,4,28,"2008Q4","2020Q3","2005-11-02",20.5,"Iron chelating agents","","",""
747,"emtricitabine tenofovir disoproxil",,"Oesophageal atresia",5557.28,5557.28,4,4,"2017Q1","2017Q4",,,"Other antineoplastic agents (cont.)","","",""
748,"midostaurin","midostaurin","Systemic mastocytosis",5557.66,5557.24,4,2,"2018Q1","2018Q2","2017-04-28",9,"Other protein kinase inhibitors","","",""
749,"cercine","diazepam","Vascular pain",5555.38,5555.38,4,1,"2024Q4","2024Q4","1982-01-01",44.3,"Benzodiazepine derivatives","","",""
750,"epirubicin","epirubicin","Respiratory alkalosis",5553.95,5553.95,3,4,"2014Q2","2015Q1",,,"Anthracyclines and related substances","","",""
751,"nolvadex","tamoxifen","Laboratory test interference",5550.65,5550.65,4,4,"2018Q2","2019Q1",,,"Anti-estrogens","","",""
752,"azithromycin generis coated tablets",,"COVID-19 treatment",5545.42,5545.42,3,3,"2020Q2","2020Q4",,,"Other antineoplastic agents (cont.)","","",""
753,"mesalamine","mesalazine","Cushing's syndrome",5544.48,5544.48,3,4,"2016Q1","2016Q4","1987-12-24",38.3,"Aminosalicylic acid and similar agents","","",""
754,"zylet","loteprednol;tobramycin","Dacryostenosis acquired",5542.6,5542.6,4,2,"2019Q1","2019Q4",,,"","","",""
755,"talc","talc","Pleural mesothelioma malignant",5538.98,5538.98,3,2,"2022Q2","2022Q3","1997-12-24",28.3,"","","",""
756,"anti-inhibitor coagulant complex","factor viii inhibitor bypassing fraction","Anti factor VIII antibody increased",5536.83,5536.83,3,1,"2020Q3","2020Q3",,,"Blood coagulation factors","","",""
757,"cablivi","caplacizumab","ADAMTS13 activity decreased",5528.85,5528.85,4,11,"2020Q2","2024Q4",,,"Other antithrombotic agents","","",""
758,"mtx sandoz","methotrexate","Medial tibial stress syndrome",5513.85,5513.84,3,4,"2017Q1","2017Q4","2013-10-11",12.5,"Folic acid analogues","","",""
759,"glimepiride","glimepiride","Neuroglycopenia",5510.64,5510.64,4,4,"2020Q3","2021Q2","1995-11-30",30.4,"Sulfonylureas","","",""
760,"lidocaine hydrochloride","lidocaine","Removal of foreign body from throat",5508.34,5508.34,3,1,"2021Q1","2021Q1","1982-01-01",44.3,"Antiarrhythmics, class Ib","","",""
761,"baraclude","entecavir","Varices oesophageal",5508.34,5508.34,4,3,"2021Q1","2021Q3","2005-03-29",21.1,"Nucleoside and nucleotide reverse transcriptase inhibitors","","",""
762,"aflibercept","aflibercept","Vitreous disorder",5505.36,5505.36,4,4,"2021Q1","2021Q4",,,"Other antineoplastics","","",""
763,"hydroxyzine","hydroxyzine","Asphyxia",5505.27,5505.27,4,7,"2013Q4","2019Q4",,,"Diphenylmethane derivatives","","",""
764,"multaq","dronedarone","Blood iron abnormal",5473.18,5473.18,3,4,"2021Q2","2022Q1",,,"Antiarrhythmics, class III","","",""
765,"nuzyra","omadacycline","Drug dose titration not performed",5470.25,5470.25,4,6,"2019Q1","2020Q4",,,"Tetracyclines","","",""
766,"iron dextran","iron","Adverse reaction",5463.02,5463.02,4,4,"2020Q3","2021Q2","1982-01-01",44.3,"","","",""
767,"valbenazine","valbenazine","Tardive dyskinesia",5457.33,5457.33,4,3,"2022Q2","2024Q4",,,"Other nervous system drugs","","",""
768,"deferasirox","deferasirox","Sickle cell anaemia",5455.69,5455.69,3,2,"2020Q3","2020Q4","2005-11-02",20.5,"Iron chelating agents","","",""
769,"pasireotide","pasireotide","Hyperadrenocorticism",5450.34,5450.34,4,1,"2019Q4","2019Q4",,,"Somatostatin and analogues","","",""
770,"trisenox","arsenic trioxide","Long QT syndrome",5450.34,5450.34,3,1,"2019Q4","2019Q4","2000-09-25",25.6,"Other antineoplastics","","",""
771,"cystadane","betaine","Blood homocysteine increased",5446.89,5446.89,3,2,"2019Q1","2019Q4","1996-10-25",29.5,"Amino acids and derivatives","","",""
772,"fyremadel 0 0 solution injectable en seringue -remplie",,"Ovarian hyperstimulation syndrome",5438.87,5438.87,4,5,"2018Q4","2020Q2",,,"Other antineoplastic agents (cont.)","","",""
773,"xofluza","baloxavir marboxil","Delirium febrile",5439.56,5437.75,3,2,"2018Q4","2019Q1","2018-10-24",7.5,"Other antivirals","","",""
774,"magnesium sulfate","magnesium","Blood magnesium increased",5437.37,5437.37,4,1,"2022Q1","2022Q1","1986-09-08",39.6,"Magnesium","","",""
775,"ranibizumab","ranibizumab","Hyphaema",5434.24,5434.24,3,3,"2022Q1","2022Q3",,,"Antineovascularisation agents","","",""
776,"aducanumab","aducanumab","Amyloid related imaging abnormality-microhaemorrhages and haemosiderin deposits",5426.31,5426.31,4,3,"2022Q1","2022Q3",,,"Other anti-dementia drugs","","",""
777,"stalevo","carbidopa;entacapone;levodopa","Dopamine dysregulation syndrome",5420.63,5420.63,4,4,"2018Q1","2018Q4",,,"","","",""
778,"eletriptan","eletriptan","Talipes",5418.15,5418.15,4,4,"2020Q4","2021Q3",,,"Selective serotonin (5HT1) agonists","","",""
779,"nepafenac","nepafenac","Hyperaemia",5414.18,5414.18,4,4,"2020Q3","2021Q2","2005-08-19",20.7,"Antiinflammatory agents, non-steroids","","",""
780,"lioresal","baclofen","Implant site extravasation",5410.54,5410.54,4,20,"2017Q2","2022Q3","1982-01-01",44.3,"Other centrally acting agents","","",""
781,"zynrelef","bupivacaine;meloxicam","Wound dehiscence",5407.8,5407.8,4,4,"2021Q4","2022Q3",,,"","","",""
782,"valproate sodium","valproic acid","Joint laxity",5406.01,5406.01,4,18,"2004Q2","2017Q4","1982-01-01",44.3,"Fatty acid derivatives","","",""
783,"alendronate","alendronic acid","Chorioretinitis",5398.4,5398.4,3,4,"2017Q1","2017Q4",,,"Bisphosphonates","","",""
784,"belimumab","belimumab","Systemic lupus erythematosus",5392.13,5392.13,4,26,"2014Q1","2024Q4",,,"Monoclonal antibodies","","",""
785,"actimmune","interferon gamma","Abscess drainage",5382.25,5382.25,4,2,"2019Q4","2020Q1",,,"Interferons","","",""
786,"buprenorphine","buprenorphine","Chemical submission",5382.12,5382.12,3,4,"2015Q1","2015Q4","2010-06-30",15.8,"Oripavine derivatives","","",""
787,"tranexamic acid","tranexamic acid","Vasodilatation",5378.39,5378.39,4,4,"2017Q3","2018Q2","1986-12-30",39.3,"Amino acids","","",""
788,"vayarin","phospholipids;unsaturated fatty acids","Defiant behaviour",5370.2,5370.2,3,2,"2018Q4","2019Q1",,,"","","",""
789,"trisenox","arsenic trioxide","Differentiation syndrome",5365.72,5365.72,3,1,"2021Q3","2021Q3","2000-09-25",25.6,"Other antineoplastics","","",""
790,"oxaliplatino sun ml concentrato per soluzione per infusione",,"Tetany",5362.09,5362.09,4,3,"2021Q2","2021Q4",,,"Other antineoplastic agents (cont.)","","",""
791,"tnkase","tenecteplase","Haemorrhagic transformation stroke",5349.01,5349.01,4,1,"2024Q4","2024Q4",,,"Enzymes","","",""
792,"g lasta","pegfilgrastim","Arteritis",5344.95,5344.95,4,2,"2020Q4","2021Q1",,,"Colony stimulating factors","","",""
793,"botox cosmetic","botulinum toxin","Eyelid ptosis",5339,5339,4,23,"2016Q1","2024Q4",,,"Other muscle relaxants, peripherally acting agents","","",""
794,"sensodyne clinical white enamel strengthening",,"Hyperaesthesia teeth",5334.25,5334.25,3,1,"2024Q4","2024Q4",,,"Other antineoplastic agents (cont.)","","",""
795,"sensodyne pronamel gentle whitening",,"Hyperaesthesia teeth",5334.25,5334.25,3,1,"2024Q4","2024Q4",,,"Other antineoplastic agents (cont.)","","",""
796,"novoeight","factor viii","Haemophilic arthropathy",5334.25,5334.25,3,1,"2024Q4","2024Q4",,,"Blood coagulation factors","","",""
797,"trexan","naltrexone","Oral blood blister",5330.88,5330.88,3,4,"2020Q3","2021Q2","2006-04-13",20,"Drugs used in alcohol dependence","","",""
798,"trexan","naltrexone","Oropharyngeal plaque",5330.88,5330.88,3,4,"2020Q3","2021Q2","2006-04-13",20,"Drugs used in alcohol dependence","","",""
799,"latanoprost","latanoprost","Ocular hypertension",5330.74,5330.74,3,2,"2017Q2","2017Q3","1996-06-05",29.9,"Prostaglandin analogues","","",""
800,"metformin sitagliptin",,"Haemolytic anaemia",5329.51,5329.51,3,3,"2022Q1","2022Q3",,,"Other antineoplastic agents (cont.)","","",""
801,"anti-thymocyte globulin nos","antithymocyte immunoglobulin","Haemolytic anaemia",5322.79,5322.79,3,2,"2015Q2","2016Q1",,,"Selective immunosuppressants","","",""
802,"bicalutamide","bicalutamide","Congestive cardiomyopathy",5321.32,5321.32,4,3,"2022Q1","2022Q3","1995-10-04",30.5,"Anti-androgens","","",""
803,"yuvafem","estradiol","Vulvovaginal dryness",5320.02,5320.02,4,2,"2018Q4","2019Q1","1982-01-01",44.3,"Natural and semisynthetic estrogens, plain","","",""
804,"moxifloxacin","moxifloxacin","Brugada syndrome",5319.76,5319.76,4,4,"2021Q4","2022Q3",,,"Fluoroquinolones","","",""
805,"abacavir sulfate lamivudine",,"Congenital pyelocaliectasis",5313.63,5313.63,4,6,"2017Q2","2018Q3",,,"Other antineoplastic agents (cont.)","","",""
806,"mirapex","pramipexole","Obsessive-compulsive disorder",5313.12,5313.12,4,4,"2019Q4","2020Q3",,,"Dopamine agonists","","",""
807,"trabectedin","trabectedin","Catheter site inflammation",5304.03,5303.94,4,2,"2021Q1","2021Q2","2015-10-23",10.5,"Other plant alkaloids and natural products","","",""
808,"anafranil","clomipramine","Vaginal neoplasm",5299.53,5299.53,3,4,"2018Q1","2018Q4",,,"Non-selective monoamine reuptake inhibitors","","",""
809,"viread","tenofovir","Tooth injury",5298.39,5298.39,4,73,"2004Q1","2022Q3",,,"Nucleoside and nucleotide reverse transcriptase inhibitors","","",""
810,"envarsus","tacrolimus","Prophylaxis against transplant rejection",5295.94,5295.94,3,7,"2020Q2","2021Q4","1994-04-08",32,"Agents for dermatitis, excluding corticosteroids","","",""
811,"clozapine accord","clozapine","Neutrophilia",5294,5294,4,16,"2018Q1","2022Q2","1989-09-26",36.6,"Diazepines, oxazepines, thiazepines and oxepines","","",""
812,"sabril","vigabatrin","Retinogram abnormal",5292.88,5292.88,3,20,"2016Q4","2022Q2","2009-08-21",16.7,"Fatty acid derivatives","","",""
813,"octreotide","octreotide","Parotid gland enlargement",5289.55,5289.55,3,2,"2019Q1","2019Q4",,,"Somatostatin and analogues","","",""
814,"reblozyl","luspatercept","Extramedullary haemopoiesis",5283.59,5283.59,3,5,"2021Q3","2022Q3",,,"Other antianemic preparations","","",""
815,"dutasteride","dutasteride","Intention tremor",5280.23,5280.23,4,4,"2017Q3","2018Q2","2001-11-20",24.4,"Testosterone-5-alpha reductase inhibitors","","",""
816,"revolade tab","eltrombopag","Paroxysmal nocturnal haemoglobinuria",5280.23,5280.23,3,2,"2018Q4","2019Q1",,,"Other systemic hemostatics","","",""
817,"somatropin","somatropin","Glioblastoma",5278.6,5278.6,4,4,"2018Q2","2019Q1",,,"Somatropin and somatropin agonists","","",""
818,"leuplin sr","leuprorelin","Marasmus",5271.92,5271.92,4,3,"2020Q4","2021Q2",,,"Gonadotropin releasing hormone analogues","","",""
819,"atorvastatin tablets","atorvastatin","Blepharospasm",5269.72,5269.72,4,2,"2019Q1","2019Q4",,,"HMG CoA reductase inhibitors","","",""
820,"eloctate","factor viii","Factor VIII inhibition",5266.65,5266.65,4,18,"2012Q2","2021Q1",,,"Blood coagulation factors","","",""
821,"precedex","dexmedetomidine","Lymphocyte percentage increased",5265.3,5265.3,4,3,"2018Q2","2018Q4",,,"Other hypnotics and sedatives","","",""
822,"piperacillin sodium tazobactam sodium","piperacillin;tazobactam","Cerebral toxoplasmosis",5264.53,5264.53,3,2,"2018Q4","2019Q1",,,"","","",""
823,"piperacillin sodium tazobactam sodium","piperacillin;tazobactam","Gastroenteritis clostridial",5264.53,5264.53,3,2,"2018Q4","2019Q1",,,"","","",""
824,"piperacillin sodium tazobactam sodium","piperacillin;tazobactam","Septic encephalopathy",5264.53,5264.53,3,2,"2018Q4","2019Q1",,,"","","",""
825,"piperacillin sodium tazobactam sodium","piperacillin;tazobactam","Tuberculosis of central nervous system",5264.53,5264.53,3,2,"2018Q4","2019Q1",,,"","","",""
826,"ovitrelle","chorionic gonadotrophin","Ovarian haemorrhage",5257.16,5257.16,3,2,"2018Q4","2019Q1",,,"Gonadotropins","","",""
827,"xofigo","radium-223 dichloride","Hormone-refractory prostate cancer",5251.87,5251.87,4,23,"2016Q4","2024Q4",,,"Various therapeutic radiopharmaceuticals","","",""
828,"tenofovir","tenofovir","Oligohydramnios",5251.4,5251.4,4,4,"2020Q1","2020Q4",,,"Nucleoside and nucleotide reverse transcriptase inhibitors","","",""
829,"efmoroctocog alfa","factor viii","Factor VIII inhibition",5250.94,5250.94,3,2,"2018Q1","2018Q2",,,"Blood coagulation factors","","",""
830,"dinoprostone","dinoprostone","Peripartum haemorrhage",5230.15,5230.15,3,1,"2024Q4","2024Q4","1982-01-01",44.3,"Prostaglandins","","",""
831,"tamoxifen","tamoxifen","Cardiac stress test abnormal",5229.4,5229.4,4,4,"2021Q3","2022Q2",,,"Anti-estrogens","","",""
832,"labetalol","labetalol","Nipple pain",5216.98,5216.98,4,4,"2020Q2","2021Q1",,,"Alpha and beta blocking agents","","",""
833,"depo-provera","medroxyprogesterone","Meningioma",5215.45,5215.45,4,21,"2012Q1","2024Q4",,,"Progestogens","","",""
834,"kuvan","sapropterin","Amino acid level increased",5212.91,5212.91,4,12,"2019Q4","2022Q3",,,"Various alimentary tract and metabolism products","","",""
835,"xiaflex","collagenase clostridium histolyticum","Corpora cavernosa surgery",5211.24,5211.24,3,18,"2017Q3","2024Q4",,,"Enzymes","","",""
836,"meningococcal b recom vaccine aloh omv",,"Dysentery",5203.42,5203.42,4,5,"2021Q1","2022Q1",,,"Other antineoplastic agents (cont.)","","",""
837,"defitelio","defibrotide","Venoocclusive liver disease",5194.1,5194.1,4,29,"2015Q1","2024Q4",,,"Other antithrombotic agents","","",""
838,"finerenone","finerenone","Urine albumin/creatinine ratio decreased",5219.77,5193.63,3,1,"2024Q4","2024Q4","2021-07-09",4.8,"Aldosterone antagonists","","",""
839,"finerenone","finerenone","Urine albumin/creatinine ratio increased",5219.77,5193.63,3,1,"2024Q4","2024Q4","2021-07-09",4.8,"Aldosterone antagonists","","",""
840,"adoport","tacrolimus","Delayed graft function",5193.27,5193.27,4,4,"2019Q4","2020Q3","1994-04-08",32,"Agents for dermatitis, excluding corticosteroids","","",""
841,"propess","dinoprostone","Premature separation of placenta",5189.26,5189.26,4,3,"2021Q2","2021Q4","1982-01-01",44.3,"Prostaglandins","","",""
842,"truvada","emtricitabine;tenofovir","Bone density decreased",5183.21,5183.21,4,78,"2003Q1","2024Q4",,,"","","",""
843,"trexan","naltrexone","Enterococcal sepsis",5182.51,5182.51,4,4,"2020Q3","2021Q2","2006-04-13",20,"Drugs used in alcohol dependence","","",""
844,"inc424a","ruxolitinib, trial","Pneumatosis intestinalis",5182.11,5182.11,4,3,"2017Q3","2018Q1",,,"","","",""
845,"femring","estradiol","Menopausal symptoms",5179.96,5179.96,4,2,"2021Q4","2024Q4","1982-01-01",44.3,"Natural and semisynthetic estrogens, plain","","",""
846,"viagra","sildenafil","Ejaculation disorder",5176.89,5176.89,4,7,"2018Q2","2020Q2",,,"Drugs used in erectile dysfunction","","",""
847,"alinia","nitazoxanide","Scleral discolouration",5171.1,5171.1,3,4,"2018Q1","2018Q4","2002-11-22",23.4,"Combinations of antibacterials","","",""
848,"estradiol system",,"Application site reaction",5168.17,5168.17,4,9,"2017Q4","2020Q3",,,"Other antineoplastic agents (cont.)","","",""
849,"satralizumab","satralizumab","Neuromyelitis optica spectrum disorder",5165.02,5165.02,4,4,"2021Q1","2021Q4",,,"Interleukin inhibitors","","",""
850,"diclobene - filmtabletten",,"Type I hypersensitivity",5161.84,5161.84,3,2,"2019Q4","2020Q1",,,"Other antineoplastic agents (cont.)","","",""
851,"abacavir sulfate lamivudine",,"Viral mutation identified",5158.3,5158.3,4,9,"2019Q4","2022Q3",,,"Other antineoplastic agents (cont.)","","",""
852,"valsartan and hydrochlorothiazide tablets usp",,"Recalled product administered",5156.81,5156.81,4,5,"2017Q2","2018Q2",,,"Other antineoplastic agents (cont.)","","",""
853,"leuplin","leuprorelin","Bulbospinal muscular atrophy congenital",5156.27,5156.27,3,2,"2018Q4","2019Q1",,,"Gonadotropin releasing hormone analogues","","",""
854,"heparin","heparin","Cardiac procedure complication",5145.41,5145.41,3,6,"2018Q4","2020Q3",,,"Heparin group","","",""
855,"entecavir","entecavir","Chronic hepatic failure",5144.34,5144.34,3,4,"2021Q3","2022Q2","2005-03-29",21.1,"Nucleoside and nucleotide reverse transcriptase inhibitors","","",""
856,"nexavar","sorafenib","Hepatocellular carcinoma",5142.83,5142.83,4,40,"2011Q2","2022Q3",,,"Other protein kinase inhibitors","","",""
857,"heparin dextrose 50un-ml bag ml",,"Heparin-induced thrombocytopenia",5136.85,5136.85,4,3,"2019Q4","2020Q2",,,"Other antineoplastic agents (cont.)","","",""
858,"lumizyme","alglucosidase alfa","Drug specific antibody absent",5130.23,5130.23,4,7,"2020Q2","2021Q4",,,"Enzymes","","",""
859,"aspirin","acetylsalicylic acid","Gestational hypertension",5130.04,5130.04,3,1,"2024Q4","2024Q4","1982-01-01",44.3,"Other agents for local oral treatment","","",""
860,"ms contin","morphine","Pupillary reflex impaired",5129.57,5129.57,3,1,"2022Q2","2022Q2",,,"Natural opium alkaloids","","",""
861,"ct p6",,"HER2 positive gastric cancer",5126.1,5126.1,4,2,"2019Q4","2020Q1",,,"Other antineoplastic agents (cont.)","","",""
862,"piroxicam","piroxicam","Alveolitis",5119.51,5119.51,4,2,"2019Q4","2020Q1","1982-04-06",44,"Oxicams","","",""
863,"plan b one-step","levonorgestrel","Pregnancy after post coital contraception",5116.6,5116.6,4,38,"2013Q1","2024Q4","1990-12-10",35.4,"Progestogens","","",""
864,"somavert","pegvisomant","Insulin-like growth factor abnormal",5115.75,5115.75,3,14,"2019Q1","2024Q4",,,"ther anterior pituitary lobe hormones and analogues","","",""
865,"sevoflurane","sevoflurane","Growth retardation",5113.13,5113.13,4,4,"2017Q4","2018Q3","1995-06-07",30.9,"Halogenated hydrocarbons","","",""
866,"opana","oxymorphone","Drug diversion",5096.12,5096.12,4,3,"2016Q4","2017Q2",,,"Natural opium alkaloids","","",""
867,"lamivudine and zidovudine","lamivudine;zidovudine","Virologic failure",5086.27,5086.27,4,10,"2009Q2","2022Q3",,,"","","",""
868,"dolutegravir sodium","dolutegravir","Viral mutation identified",5081.28,5081.27,4,6,"2021Q2","2022Q3","2013-08-12",12.7,"Integrase inhibitors","","",""
869,"sevoflurane","sevoflurane","Single umbilical artery",5079.01,5079.01,4,4,"2019Q4","2020Q3","1995-06-07",30.9,"Halogenated hydrocarbons","","",""
870,"alendronic acid","alendronic acid","Atypical femur fracture",5067.9,5067.9,4,21,"2011Q4","2021Q3",,,"Bisphosphonates","","",""
871,"iluvien","fluocinolone","Trabeculectomy",5067.21,5067.21,3,5,"2016Q2","2022Q3",,,"Corticosteroids","","",""
872,"yasmin","drospirenone;ethinylestradiol","Pregnancy on oral contraceptive",5059.53,5059.53,4,4,"2019Q4","2020Q3",,,"","","",""
873,"hydroxyzine","hydroxyzine","Congenital central nervous system anomaly",5058.03,5058.03,3,4,"2019Q4","2020Q3",,,"Diphenylmethane derivatives","","",""
874,"hydroxyzine","hydroxyzine","Spine malformation",5058.03,5058.03,3,4,"2019Q4","2020Q3",,,"Diphenylmethane derivatives","","",""
875,"abacavir sulfate lamivudine",,"Hypersplenism",5056.49,5056.49,4,4,"2021Q2","2022Q1",,,"Other antineoplastic agents (cont.)","","",""
876,"ceftazidime avibactam - bp",,"Hypernatraemia",5052.31,5052.31,4,4,"2018Q1","2018Q4",,,"Other antineoplastic agents (cont.)","","",""
877,"paliperidone","paliperidone","Hyperprolactinaemia",5051.51,5051.51,4,2,"2020Q2","2020Q3","2006-12-19",19.3,"Other antipsychotics","","",""
878,"rocuronium bromide","rocuronium","Electrocardiogram ST-T change",5047.55,5047.55,4,3,"2019Q4","2020Q2","1994-03-17",32.1,"Other quaternary ammonium compounds","","",""
879,"ovitrelle","chorionic gonadotrophin","Adnexal torsion",5046.12,5046.12,3,2,"2018Q3","2018Q4",,,"Gonadotropins","","",""
880,"elotuzumab","elotuzumab","Febrile infection",5040.59,5040.59,4,2,"2022Q2","2022Q3",,,"Other monoclonal antibodies and antibody drug conjugates","","",""
881,"gilteritinib","gilteritinib","Differentiation syndrome",5038.59,5038.59,4,7,"2020Q3","2022Q3",,,"Other protein kinase inhibitors","","",""
882,"xofluza","baloxavir marboxil","Colitis ischaemic",5039.36,5037.68,4,3,"2019Q1","2024Q4","2018-10-24",7.5,"Other antivirals","","",""
883,"lovenox","enoxaparin","Heparin-induced thrombocytopenia",5031.59,5031.59,4,17,"2018Q2","2024Q4",,,"Heparin group","","",""
884,"delflex with dextrose low magnesium low calcium",,"Fungal peritonitis",5030.57,5030.57,4,13,"2019Q4","2024Q4",,,"Other antineoplastic agents (cont.)","","",""
885,"levocetirizine dihydrochloride","levocetirizine","Trisomy 18",5027.7,5027.7,4,4,"2017Q3","2018Q2","2007-05-25",18.9,"Piperazine derivatives","","",""
886,"rasagiline","rasagiline","Orthostatic intolerance",5020.33,5020.33,3,4,"2016Q3","2017Q2",,,"Monoamine oxidase B inhibitors","","",""
887,"losartan and hydrochlorothiazide","hydrochlorothiazide;losartan","Ligament disorder",5013.32,5013.32,3,4,"2016Q2","2017Q1",,,"","","",""
888,"memantine","memantine","Volvulus",5008.72,5008.72,4,4,"2017Q2","2018Q1",,,"Other anti-dementia drugs","","",""
889,"methylprednisolone","methylprednisolone","Drug-induced liver injury",4994.58,4994.58,4,17,"2012Q1","2022Q3","1982-01-01",44.3,"Corticosteroids, weak (group I)","","",""
890,"idelvion","factor ix","Traumatic haemorrhage",4994.06,4994.06,4,16,"2017Q4","2024Q4",,,"Blood coagulation factors","","",""
891,"iluvien","fluocinolone","Hypotony of eye",4993.71,4993.71,4,5,"2020Q4","2024Q4",,,"Corticosteroids","","",""
892,"omidria","ketorolac;phenylephrine","Vitritis",4989.12,4989.12,3,4,"2020Q3","2021Q2",,,"","","",""
893,"epirubicin","epirubicin","Hyperammonaemia",4985.44,4985.44,4,4,"2014Q2","2015Q1",,,"Anthracyclines and related substances","","",""
894,"clobetasol","clobetasol","Central serous chorioretinopathy",4983.27,4983.27,4,3,"2022Q1","2022Q3",,,"Corticosteroids, very potent (group IV)","","",""
895,"ustekinumab","ustekinumab","Anal abscess",4982.73,4982.73,4,24,"2010Q2","2019Q1",,,"Interleukin inhibitors","","",""
896,"lamisil","terbinafine","Chemical burn",4982.62,4982.62,4,1,"2022Q3","2022Q3","1998-04-29",28,"Other antifungals for topical use","","",""
897,"dianeal low calcium peritoneal dialysis solution with dextrose","glucose;magnesium;sodium chloride;sodium lactate","Ultrafiltration failure",4960.25,4960.25,4,17,"2018Q1","2022Q3",,,"","","",""
898,"lisinopril","lisinopril","Lip oedema",4953.89,4953.89,4,7,"2011Q3","2020Q2","1987-12-29",38.3,"ACE inhibitors, plain","","",""
899,"jaydess","intrauterine contraceptive device;levonorgestrel","Ectopic pregnancy with contraceptive device",4949.67,4949.67,4,16,"2017Q4","2022Q1",,,"","","",""
900,"pacerone","amiodarone","Pulmonary toxicity",4949.43,4949.43,3,1,"2019Q4","2019Q4",,,"Antiarrhythmics, class III","","",""
901,"pyrazinamide","pyrazinamide","Hepatitis toxic",4943.19,4943.19,4,2,"2022Q2","2022Q3","1982-01-01",44.3,"Other drugs for treatment of tuberculosis","","",""
902,"dextenza","dexamethasone","Corneal disorder",4939.82,4939.82,4,3,"2019Q4","2020Q2","1982-01-01",44.3,"Corticosteroids for local oral treatment","","",""
903,"prograf","tacrolimus","Immunosuppressant drug level increased",4938.29,4938.29,4,26,"2015Q3","2024Q4","1994-04-08",32,"Agents for dermatitis, excluding corticosteroids","","",""
904,"valchlor","chlormethine","Cutaneous T-cell lymphoma",4936.36,4936.36,4,4,"2021Q4","2024Q4",,,"Nitrogen mustard analogues","","",""
905,"septocaine and epinephrine","articaine;epinephrine","Injection site ulcer",4932.5,4932.5,3,3,"2017Q3","2018Q1",,,"","","",""
906,"antihemophilic factor pegylated human sequence recombinant",,"Muscle haemorrhage",4932.01,4932.01,4,4,"2018Q1","2018Q4",,,"Other antineoplastic agents (cont.)","","",""
907,"omnitrope","somatropin","Lipoma",4918.41,4918.41,3,1,"2013Q4","2013Q4",,,"Somatropin and somatropin agonists","","",""
908,"dolutegravir sodium","dolutegravir","Syphilis",4904.2,4904.19,4,2,"2021Q2","2021Q3","2013-08-12",12.7,"Integrase inhibitors","","",""
909,"parathyroid hormone","parathyroid hormone","Recalled product",4904.05,4904.05,4,21,"2017Q1","2022Q3",,,"Parathyroid hormones and analogues","","",""
910,"sensodyne rapid relief","fluorine","Gingival pain",4903.04,4903.04,3,2,"2018Q4","2019Q1",,,"","","",""
911,"diprivan","propofol","Airway complication of anaesthesia",4901.9,4901.9,3,1,"2024Q4","2024Q4","1989-10-02",36.6,"Other general anesthetics","","",""
912,"diprivan","propofol","Use of accessory respiratory muscles",4901.9,4901.9,3,1,"2024Q4","2024Q4","1989-10-02",36.6,"Other general anesthetics","","",""
913,"secukinumab","secukinumab","Skin hypertrophy",4896.23,4896.23,4,8,"2016Q2","2018Q2",,,"Interleukin inhibitors","","",""
914,"eskata","hydrogen peroxide","Subcutaneous emphysema",4896.73,4896.04,3,4,"2018Q2","2019Q1","2017-12-14",8.4,"Antiinfectives and antiseptics for local oral treatment","","",""
915,"cotempla xr-odt","methylphenidate","Impulsive behaviour",4895.77,4895.77,4,4,"2018Q1","2018Q4","2006-04-06",20,"Centrally acting sympathomimetics","","",""
916,"flolan","epoprostenol","Device related infection",4894.8,4894.8,4,15,"2012Q1","2021Q4",,,"Platelet aggregation inhibitors excl. heparin","","",""
917,"human immunoglobulin","immunoglobulins, unspecified","Activated partial thromboplastin time prolonged",4891.65,4891.65,4,4,"2021Q2","2022Q1",,,"","","",""
918,"levulan kerastick","aminolevulinic acid","Burns first degree",4885.85,4885.85,3,4,"2018Q2","2019Q1",,,"Sensitizers used in photodynamic/radiation therapy","","",""
919,"tobradex","dexamethasone;tobramycin","Aqueous fibrin",4884.42,4884.42,4,3,"2022Q1","2022Q3",,,"","","",""
920,"device","device, unspecified","Corneal defect",4878.42,4878.42,4,2,"2022Q2","2022Q3",,,"","","",""
921,"moviprep","macrogol;potassium;sodium chloride;sodium sulfate;vitamin c","Ileus",4877.07,4877.07,4,10,"2016Q3","2020Q1",,,"","","",""
922,"human c1-esterase inhibitor","c1-inhibitor","Hereditary angioedema",4869.68,4869.68,4,25,"2015Q2","2022Q3",,,"Drugs used in hereditary angioedema","","",""
923,"depo-medrol","methylprednisolone","Arachnoiditis",4869.19,4869.19,3,2,"2012Q4","2013Q1","1982-01-01",44.3,"Corticosteroids, weak (group I)","","",""
924,"arimidex","anastrozole","Haemodialysis",4867.44,4867.44,4,4,"2021Q3","2022Q2","1995-12-27",30.3,"Aromatase inhibitors","","",""
925,"somatropin","somatropin","Adenoidal hypertrophy",4866.89,4866.89,3,8,"2011Q4","2016Q1",,,"Somatropin and somatropin agonists","","",""
926,"efavirenz","efavirenz","Hyperphosphaturia",4865.76,4865.76,3,4,"2017Q3","2018Q2","1998-09-17",27.6,"Non-nucleoside reverse transcriptase inhibitors","","",""
927,"efavirenz","efavirenz","Perforated ulcer",4865.76,4865.76,4,4,"2017Q3","2018Q2","1998-09-17",27.6,"Non-nucleoside reverse transcriptase inhibitors","","",""
928,"mayzent","siponimod","Secondary progressive multiple sclerosis",4865.92,4863.45,4,11,"2017Q2","2022Q3","2019-03-26",7.1,"S1P receptor modulators","","",""
929,"bss plus","sodium chloride","Corneal oedema",4856.84,4856.84,4,14,"2018Q2","2024Q4","1982-01-01",44.3,"Sodium","","",""
930,"caspofungin","caspofungin","Pneumonia pneumococcal",4853.96,4853.96,4,2,"2019Q1","2019Q4",,,"Other antimycotics for systemic use","","",""
931,"vigamox","moxifloxacin","Toxic anterior segment syndrome",4852.49,4852.49,4,4,"2021Q2","2022Q1",,,"Fluoroquinolones","","",""
932,"cabtreo",,"Application site dryness",4851.46,4851.46,3,1,"2024Q4","2024Q4",,,"Other antineoplastic agents (cont.)","","",""
933,"depo-medrol","methylprednisolone","Injection site joint pain",4851.46,4851.46,3,1,"2024Q4","2024Q4","1982-01-01",44.3,"Corticosteroids, weak (group I)","","",""
934,"depo-medrol","methylprednisolone","Injection site joint swelling",4851.46,4851.46,3,1,"2024Q4","2024Q4","1982-01-01",44.3,"Corticosteroids, weak (group I)","","",""
935,"omeprazole delayed release tablets wildberry mint",,"Wrong product administered",4849.25,4849.25,4,5,"2018Q1","2019Q1",,,"Other antineoplastic agents (cont.)","","",""
936,"bss","calcium;magnesium;potassium;sodium acetate;sodium chloride;sodium citrate","Cystoid macular oedema",4844.96,4844.96,4,3,"2018Q3","2019Q1",,,"","","",""
937,"bupivacaine","bupivacaine","Maternal exposure during delivery",4842.9,4842.9,4,6,"2016Q2","2020Q2","2011-10-28",14.5,"Amides","","",""
938,"rocuronium","rocuronium","Recurrence of neuromuscular blockade",4842.31,4842.31,4,3,"2022Q1","2022Q3",,,"Other quaternary ammonium compounds","","",""
939,"zolmitriptan","zolmitriptan","Thunderclap headache",4841.9,4841.9,4,2,"2022Q2","2022Q3","1997-11-25",28.4,"Selective serotonin (5HT1) agonists","","",""
940,"daunorubicin","daunorubicin","Human herpesvirus 6 infection",4841.49,4841.49,3,2,"2019Q1","2019Q4",,,"Anthracyclines and related substances","","",""
941,"daunorubicin","daunorubicin","Stomatococcal infection",4841.49,4841.49,3,2,"2019Q1","2019Q4",,,"Anthracyclines and related substances","","",""
942,"lidocaine","lidocaine","Mycobacterium chelonae infection",4840.95,4840.95,4,4,"2017Q3","2018Q2","1982-01-01",44.3,"Antiarrhythmics, class Ib","","",""
943,"durysta","bimatoprost","Iritis",4838.81,4838.81,4,8,"2021Q1","2024Q4","2001-03-16",25.1,"Prostaglandin analogues","","",""
944,"chlorthalidone","chlortalidone","Blood chloride decreased",4838.27,4838.27,3,1,"2019Q4","2019Q4","1982-01-01",44.3,"Sulfonamides, plain","","",""
945,"tetracaine hydrochloride","tetracaine","Toxic anterior segment syndrome",4837.24,4837.13,4,3,"2022Q1","2022Q3","2016-02-29",10.1,"Local anesthetics","","",""
946,"jublia","efinaconazole","Nail discolouration",4836.26,4836.24,4,4,"2017Q3","2018Q3","2014-06-06",11.9,"Imidazole and triazole derivatives","","",""
947,"icy hot medicated no mess applicator","menthol","Application site burn",4832.76,4832.76,4,9,"2018Q4","2022Q1",,,"","","",""
948,"onglyza","saxagliptin","Acute left ventricular failure",4824.81,4824.81,4,15,"2015Q2","2018Q4",,,"Dipeptidyl peptidase 4 (DPP-4) inhibitors","","",""
949,"spf 50 plus sunscreen",,"Seizure like phenomena",4823.45,4823.45,4,3,"2020Q2","2020Q4",,,"Other antineoplastic agents (cont.)","","",""
950,"dianeal pd 2 with dextrose",,"Azotaemia",4821.27,4821.27,4,4,"2021Q2","2022Q1",,,"Other antineoplastic agents (cont.)","","",""
951,"diprivan","propofol","Systemic candida",4819.58,4819.58,4,4,"2020Q2","2021Q1","1989-10-02",36.6,"Other general anesthetics","","",""
952,"buprenorphine","buprenorphine","Behaviour disorder",4819.07,4819.07,4,4,"2015Q1","2015Q4","2010-06-30",15.8,"Oripavine derivatives","","",""
953,"altuzan","bevacizumab","Angiogram retina abnormal",4819.06,4819.06,3,4,"2020Q3","2021Q2",,,"VEGF/VEGFR (Vascular Endothelial Growth Factor) inhibitors","","",""
954,"foscavir","foscarnet","Leukaemia recurrent",4815.17,4815.17,3,4,"2015Q4","2016Q3",,,"Phosphonic acid derivatives","","",""
955,"epinephrine injection usp","epinephrine","Toxic anterior segment syndrome",4812.64,4812.64,4,4,"2020Q4","2021Q3","1982-01-01",44.3,"Other agents for local oral treatment","","",""
956,"topiramate","topiramate","Hyperammonaemia",4808.51,4808.51,4,4,"2015Q1","2015Q4","1996-12-24",29.3,"Other antiepileptics","","",""
957,"oriahnn","elagolix;estradiol;norethisterone","Myomectomy",4805.89,4805.89,3,4,"2021Q4","2022Q3",,,"","","",""
958,"evithrom","thrombin","Procedural complication",4797.78,4797.78,3,1,"2021Q1","2021Q1",,,"Local hemostatics","","",""
959,"diclobene - ampullen",,"Type I hypersensitivity",4795.87,4795.87,3,2,"2019Q1","2019Q4",,,"Other antineoplastic agents (cont.)","","",""
960,"levulan kerastick","aminolevulinic acid","Feeling of body temperature change",4791.5,4791.5,4,4,"2020Q2","2021Q1",,,"Sensitizers used in photodynamic/radiation therapy","","",""
961,"endari","levoglutamide","Sickle cell anaemia with crisis",4789.2,4789.2,4,18,"2018Q1","2024Q4",,,"","","",""
962,"ritonavir","ritonavir","Premature rupture of membranes",4788.04,4788.04,4,4,"2020Q2","2021Q1","1996-03-01",30.1,"Protease inhibitors","","",""
963,"samsca","tolvaptan","Drug monitoring procedure incorrectly performed",4787.26,4787.26,4,4,"2021Q2","2024Q4","2009-05-19",16.9,"Vasopressin antagonists","","",""
964,"caprelsa","vandetanib","Blood calcitonin increased",4782.26,4782.26,3,2,"2017Q1","2017Q2","2011-04-06",15,"Other protein kinase inhibitors","","",""
965,"ethinylestradiol levonorgestrel","ethinylestradiol;levonorgestrel","Cerebral venous thrombosis",4766.97,4766.97,4,4,"2016Q1","2016Q4",,,"","","",""
966,"ioflupane i-123",,"Radioisotope scan abnormal",4757.05,4757.05,4,1,"2024Q4","2024Q4","2011-01-14",15.3,"Other antineoplastic agents (cont.)","","",""
967,"ofloxacin","ofloxacin","Acute febrile neutrophilic dermatosis",4756.18,4756.18,4,3,"2021Q3","2022Q1","1990-12-28",35.3,"Fluoroquinolones","","",""
968,"inveltys","loteprednol","Iritis",4746.46,4746.46,4,2,"2019Q1","2019Q4",,,"Corticosteroids, plain","","",""
969,"mitoxantrone","mitoxantrone","Febrile bone marrow aplasia",4740.27,4740.27,3,3,"2016Q1","2016Q3",,,"Anthracyclines and related substances","","",""
970,"kogenate","factor viii","Haemarthrosis",4739.94,4739.94,4,21,"2017Q1","2022Q3",,,"Blood coagulation factors","","",""
971,"trexan","naltrexone","Candida sepsis",4734.94,4734.94,4,4,"2020Q3","2021Q2","2006-04-13",20,"Drugs used in alcohol dependence","","",""
972,"hepsera","adefovir","Viral load increased",4731.99,4731.99,3,1,"2019Q4","2019Q4",,,"Nucleoside and nucleotide reverse transcriptase inhibitors","","",""
973,"chantix","varenicline","Abnormal dreams",4726.08,4726.08,4,25,"2014Q1","2022Q2",,,"Drugs used in nicotine dependence","","",""
974,"op2455 - omeprazol f rmula magistral",,"Hypertrichosis",4725.12,4725.12,4,2,"2019Q4","2020Q1",,,"Other antineoplastic agents (cont.)","","",""
975,"taytulla","ethinylestradiol;iron;norethisterone","Pregnancy on oral contraceptive",4725.07,4725.07,4,3,"2018Q2","2018Q4",,,"","","",""
976,"xiaflex","collagenase clostridium histolyticum","Dupuytren's contracture",4724.55,4724.55,4,20,"2017Q1","2022Q2",,,"Enzymes","","",""
977,"empagliflozin","empagliflozin","Urine ketone body present",4722.07,4722.05,4,10,"2016Q2","2018Q3","2014-08-01",11.7,"Sodium-glucose co-transporter 2 (SGLT2) inhibitors","","",""
978,"photrexa viscous","dextran;vitamin b2","Ulcerative keratitis",4716.56,4716.56,4,3,"2021Q1","2021Q3",,,"","","",""
979,"exparel","bupivacaine","Diaphragmatic paralysis",4715.04,4715.04,4,2,"2019Q1","2019Q4","2011-10-28",14.5,"Amides","","",""
980,"hydrocodone bitartrate","hydrocodone","Victim of homicide",4712.4,4712.39,4,3,"2018Q2","2018Q4","2013-10-25",12.5,"Opium alkaloids and derivatives","","",""
981,"zonisamide","zonisamide","Hereditary optic atrophy",4710.33,4710.33,3,4,"2013Q1","2013Q4","2000-03-27",26.1,"Other antiepileptics","","",""
982,"solostar","insulin","Drug administered in wrong device",4708.32,4708.32,3,6,"2017Q2","2018Q3",,,"","","",""
983,"iluvien","fluocinolone","Vitrectomy",4706.01,4706.01,4,15,"2017Q2","2021Q3",,,"Corticosteroids","","",""
984,"photrexa viscous","dextran;vitamin b2","Corneal thinning",4705.49,4705.49,3,1,"2018Q3","2018Q3",,,"","","",""
985,"sprix","ketorolac","Nasal discomfort",4696.76,4696.76,4,13,"2017Q2","2020Q4",,,"Acetic acid derivatives and related substances","","",""
986,"aleve back and muscle pain","naproxen","Oesophageal discomfort",4689.32,4689.32,3,1,"2020Q1","2020Q1","1982-01-01",44.3,"Antiinflammatory products for vaginal administration","","",""
987,"camptosar","irinotecan","Ectropion",4689.01,4689.01,3,4,"2019Q4","2020Q3",,,"Topoisomerase 1 (TOP1) inhibitors","","",""
988,"equmet","metformin;vildagliptin","Heat illness",4686.93,4686.93,3,3,"2019Q4","2020Q2",,,"","","",""
989,"maxitrol","dexamethasone;neomycin;polymyxin b","Acute sinusitis",4683.47,4683.47,4,2,"2019Q4","2020Q1",,,"","","",""
990,"paroex","chlorhexidine","Endotracheal intubation",4682.27,4682.27,4,5,"2020Q3","2021Q3",,,"Antiinfectives and antiseptics for local oral treatment","","",""
991,"dexamethasone tobramycin","dexamethasone;tobramycin","Corneal exfoliation",4681.77,4681.77,3,1,"2024Q4","2024Q4",,,"","","",""
992,"brimonidine tartrate","brimonidine","Instillation site swelling",4676.06,4676.06,4,3,"2022Q1","2022Q3","1996-09-06",29.6,"Other dermatologicals","","",""
993,"nutropin","somatropin","Insulin-like growth factor decreased",4675.9,4675.9,4,4,"2014Q1","2016Q1",,,"Somatropin and somatropin agonists","","",""
994,"estre","levonorgestrel","Meningioma",4675.56,4675.56,3,2,"2018Q4","2019Q1","1990-12-10",35.4,"Progestogens","","",""
995,"lixiana tablets","edoxaban","Vascular pseudoaneurysm",4675.41,4675.41,3,1,"2018Q2","2018Q2",,,"Direct factor Xa inhibitors","","",""
996,"atracurium besylate","atracurium","Anticholinergic syndrome",4674.73,4674.73,4,2,"2021Q2","2021Q3","1983-11-23",42.4,"Other quaternary ammonium compounds","","",""
997,"piroxicam","piroxicam","Oedema mouth",4665.91,4665.91,4,2,"2018Q4","2019Q1","1982-04-06",44,"Oxicams","","",""
998,"chlorhexidine gluconate","chlorhexidine","Tongue discolouration",4663.34,4663.34,4,6,"2018Q2","2020Q1","1982-01-01",44.3,"Antiinfectives and antiseptics for local oral treatment","","",""
999,"enspryng","satralizumab","Neuromyelitis optica spectrum disorder",4660.44,4660.44,4,8,"2021Q1","2024Q4",,,"Interleukin inhibitors","","",""
1000,"heparin","heparin","Coagulation time prolonged",4658.06,4658.06,4,7,"2020Q3","2022Q3",,,"Heparin group","","",""
